date, pm25, pm10, o3, no2, so2
2024/4/1, 4, 4, 35, 2, 
2024/4/2, 9, 4, 35, 1, 
2024/4/3, 9, 7, 35, 4, 
2024/4/4, 15, 5, 40, , 
2024/4/5, 10, 10, 45, , 
2024/4/6, 14, 23, 45, , 
2024/4/7, 28, , , , 
2024/1/1, 14, 2, 27, 1, 
2024/1/2, 6, 3, 29, 2, 
2024/1/3, 9, 7, 26, 8, 
2024/1/4, 19, 6, 23, 8, 
2024/1/5, 22, 6, 22, 3, 
2024/1/6, 23, 6, 15, 2, 
2024/1/7, 27, 8, 15, 5, 
2024/1/8, 33, 18, 13, 8, 
2024/1/9, 63, 32, 3, 10, 
2024/1/10, 96, 28, 9, 11, 
2024/1/11, 88, 41, 9, 9, 
2024/1/12, 119, 41, 10, 13, 
2024/1/13, 120, 20, 11, 18, 
2024/1/14, 65, 23, 12, 16, 
2024/1/15, 75, 23, 21, 13, 
2024/1/16, 74, 2, 24, 2, 
2024/1/17, 7, 3, 23, , 
2024/1/18, 9, 14, 18, 6, 
2024/1/19, 51, 19, 18, 9, 
2024/1/20, 64, 15, 18, 18, 
2024/1/21, 49, 7, 20, 12, 
2024/1/22, 23, 12, 20, 12, 
2024/1/23, 33, 8, 21, 9, 
2024/1/24, 22, 12, 12, 11, 
2024/1/25, 40, 13, 15, 10, 
2024/1/26, 40, 9, 18, 6, 
2024/1/27, 35, 10, 24, 10, 
2024/1/28, 35, 7, 26, 4, 
2024/1/29, 23, 14, 22, 12, 
2024/1/30, 39, 22, , 10, 
2024/1/31, 62, 22, 16, 10, 
2024/2/1, 60, 6, 19, 6, 
2024/2/2, 22, 13, 11, 10, 
2024/2/3, 46, 21, 7, 9, 
2024/2/4, 68, 37, 3, 14, 
2024/2/5, 81, 19, 15, 10, 
2024/2/6, 55, 14, 22, 8, 
2024/2/7, 36, 10, 26, 3, 
2024/2/8, 23, 7, 25, 2, 
2024/2/9, 17, 3, 24, 4, 
2024/2/10, 9, 6, 21, 5, 
2024/2/11, 20, 7, 11, 6, 
2024/2/12, 26, , , 10, 
2024/2/13, 32, 15, 16, 13, 
2024/2/14, 42, 12, 30, 11, 
2024/2/15, 32, 6, 29, 4, 
2024/2/16, 12, 7, 22, 3, 
2024/2/17, 23, 9, 19, 3, 
2024/2/18, 33, 6, 23, 4, 
2024/2/19, 19, 9, 23, 4, 
2024/2/20, 28, 12, 30, 8, 
2024/2/21, 39, 4, 36, 1, 
2024/2/22, 12, , 26, 3, 
2024/2/23, 8, 2, 29, 2, 
2024/2/24, 5, 2, 29, , 
2024/2/25, 4, 2, 27, 2, 
2024/2/26, 4, 13, 15, 4, 
2024/2/27, 47, 23, 17, 3, 
2024/2/28, 74, 17, 27, 7, 
2024/2/29, 52, 6, 27, 6, 
2024/3/1, 20, 4, 34, 1, 
2024/3/2, 10, 3, 32, 7, 
2024/3/3, 13, 8, 19, 8, 
2024/3/4, 28, 4, 25, 8, 
2024/3/5, 14, 6, 25, 7, 
2024/3/6, 21, 13, 29, 11, 
2024/3/7, 43, 4, 34, 1, 
2024/3/8, 9, 3, 36, , 
2024/3/9, 6, 2, 31, 2, 
2024/3/10, 5, 4, 21, 8, 
2024/3/11, 16, 9, 23, 8, 
2024/3/12, 32, 12, 23, 6, 
2024/3/13, 36, 8, 28, 7, 
2024/3/14, 22, 11, 23, 8, 
2024/3/15, 29, 6, 31, 4, 
2024/3/16, 18, 10, 21, 6, 
2024/3/17, 35, 6, 26, 5, 
2024/3/18, 17, 9, 28, 7, 
2024/3/19, 26, 9, 33, 5, 
2024/3/20, 22, 14, 32, 5, 
2024/3/21, 28, 13, , 7, 
2024/3/22, 31, , 31, 4, 
2024/3/23, 25, 4, 31, 2, 
2024/3/24, 13, 10, 34, 5, 
2024/3/25, 25, 12, 33, 3, 
2024/3/26, 22, 2, 31, 5, 
2024/3/27, 9, 4, 37, 1, 
2024/3/28, 8, 29, 34, , 
2024/3/29, 39, 63, 36, 1, 
2024/3/30, 80, 2, 36, , 
2024/3/31, 5, 2, 32, 1, 
2023/10/1, 57, 26, 37, 9, 
2023/10/2, 66, , 30, , 
2023/10/3, 32, 12, 27, 2, 
2023/10/4, 26, 13, 29, , 
2023/10/5, 27, 10, 14, 15, 
2023/10/6, 31, 16, 32, 15, 
2023/10/7, 30, 17, 31, 13, 
2023/10/8, 35, 30, 26, 15, 
2023/10/9, 49, 33, 36, 9, 
2023/10/10, 52, 30, 32, , 
2023/10/11, 53, 22, 29, , 
2023/10/12, 41, 24, 32, 10, 
2023/10/13, 45, 15, 28, , 
2023/10/14, 30, 9, 24, , 
2023/10/15, 19, 15, 16, 6, 
2023/10/16, 24, 15, 27, 5, 
2023/10/17, 27, 12, 28, 1, 
2023/10/18, 17, 6, 28, 4, 
2023/10/19, 14, 3, 26, 2, 
2023/10/20, 4, 3, 29, 1, 
2023/10/21, 6, 5, 24, 4, 
2023/10/22, 13, 21, 28, 5, 
2023/10/23, 30, 7, 16, 7, 
2023/10/24, 18, 3, 23, 2, 
2023/10/25, 6, 3, 22, , 
2023/10/26, 7, 3, 29, 3, 
2023/10/27, 7, 5, 32, 1, 
2023/10/28, 12, 6, 33, , 
2023/10/29, 17, 6, 32, 3, 
2023/10/30, 17, 5, 22, 6, 
2023/10/31, 12, 5, 28, 3, 
2023/11/1, 13, , 28, 2, 
2023/11/2, 9, 2, 24, 3, 
2023/11/3, 5, 2, 30, , 
2023/11/4, 5, 3, 29, 1, 
2023/11/5, 7, 3, 27, 3, 
2023/11/6, 6, 5, , 7, 
2023/11/7, 14, 11, 26, 9, 
2023/11/8, 30, 3, 28, 4, 
2023/11/9, 8, 3, 24, 3, 
2023/11/10, 7, 7, 22, 5, 
2023/11/11, 22, 6, 24, 3, 
2023/11/12, 18, 5, 22, 6, 
2023/11/13, 11, 4, 21, 5, 
2023/11/14, 8, 9, 21, 7, 
2023/11/15, 23, 9, 26, 6, 
2023/11/16, 25, 5, 22, 7, 
2023/11/17, 16, 14, 12, 12, 
2023/11/18, 44, 10, 13, 10, 
2023/11/19, 32, 11, 8, 11, 
2023/11/20, 34, 7, 16, 7, 
2023/11/21, 22, 8, 15, 4, 
2023/11/22, 28, 11, 18, 6, 
2023/11/23, 39, 6, 25, 7, 
2023/11/24, 20, 10, 21, 4, 
2023/11/25, 29, 14, 20, 7, 
2023/11/26, 48, 15, 21, 13, 
2023/11/27, 42, 4, 18, 5, 
2023/11/28, 13, 14, 12, 11, 
2023/11/29, 48, 7, 17, 11, 
2023/11/30, 25, 3, 19, 8, 
2023/12/1, 18, 11, 14, 5, 
2023/12/2, 46, 14, 13, 8, 
2023/12/3, 56, , 22, 3, 
2023/12/4, 13, 8, 24, 11, 
2023/12/5, 21, 15, 10, 13, 
2023/12/6, 46, 17, 18, 12, 
2023/12/7, 56, 8, 25, 13, 
2023/12/8, 26, 6, 25, 7, 
2023/12/9, 20, 7, 22, 5, 
2023/12/10, 21, 2, 22, 5, 
2023/12/11, 5, 4, 24, 6, 
2023/12/12, 8, 3, 23, 6, 
2023/12/13, 8, 4, 17, 4, 
2023/12/14, 15, 8, 14, 7, 
2023/12/15, 28, 10, 15, 5, 
2023/12/16, 37, 16, 10, 9, 
2023/12/17, 55, 20, 4, 18, 
2023/12/18, 55, 22, 4, 15, 
2023/12/19, 65, 10, 18, 9, 
2023/12/20, 35, 5, 22, 10, 
2023/12/21, 18, 3, 25, 6, 
2023/12/22, 10, 4, 22, 5, 
2023/12/23, 12, , , , 
2023/12/26, 75, 12, 28, 14, 
2023/12/27, 38, 6, 26, 6, 
2023/12/28, 20, 7, 24, 9, 
2023/12/29, 23, 10, 22, 12, 
2023/12/30, 37, 4, 29, 2, 
2023/12/31, 13, 5, 22, 5, 
2023/7/1, 16, 13, 30, 1, 
2023/7/2, 44, 15, 27, 2, 
2023/7/3, 41, 8, 24, 3, 
2023/7/4, 16, 8, 20, 2, 
2023/7/5, 19, , , , 
2023/7/9, 52, 21, 51, 3, 
2023/7/10, 53, 40, 42, 4, 
2023/7/11, 65, 26, 20, 2, 
2023/7/12, 47, 8, 31, 1, 
2023/7/13, 16, 9, 38, 2, 
2023/7/14, 21, 15, 37, , 
2023/7/15, 34, 7, 29, 1, 
2023/7/16, 17, 14, 41, 2, 
2023/7/17, 33, 20, 52, 4, 
2023/7/18, 42, 19, 39, 3, 
2023/7/19, 40, 12, 33, 3, 
2023/7/20, 18, 15, 33, 2, 
2023/7/21, 24, 10, 31, 2, 
2023/7/22, 20, 12, 39, 2, 
2023/7/23, 32, 14, 29, 2, 
2023/7/24, 35, 5, 26, 1, 
2023/7/25, 12, 8, 31, 2, 
2023/7/26, 16, 7, 26, 2, 
2023/7/27, 16, 10, 40, 3, 
2023/7/28, 22, 9, 29, 3, 
2023/7/29, 26, 5, 30, 1, 
2023/7/30, 15, 9, 38, 2, 
2023/7/31, 21, 7, 28, 1, 
2023/8/1, 18, 8, 27, , 
2023/8/2, 21, 6, 27, , 
2023/8/3, 12, 6, 27, 1, 
2023/8/4, 13, 5, 31, 1, 
2023/8/5, 17, 4, 29, , 
2023/8/6, 10, 5, 28, 2, 
2023/8/7, 10, 6, 35, 2, 
2023/8/8, 11, 8, 36, 2, 
2023/8/9, 15, 12, 39, 4, 
2023/8/10, 22, 13, 38, 3, 
2023/8/11, 29, 15, 37, 3, 
2023/8/12, 37, 12, 30, 2, 
2023/8/13, 31, 18, 31, 2, 
2023/8/14, 35, 11, 34, 1, 
2023/8/15, 24, 12, 43, 3, 
2023/8/16, 29, 14, 35, 3, 
2023/8/17, 32, 17, 41, 3, 
2023/8/18, 38, 25, 47, 3, 
2023/8/19, 46, 24, 45, 3, 
2023/8/20, 52, 21, 44, 3, 
2023/8/21, 47, 20, 49, 4, 
2023/8/22, 47, 24, 48, 4, 
2023/8/23, 45, 31, 41, 5, 
2023/8/24, 52, 18, 40, 3, 
2023/8/25, 42, 16, 20, 4, 
2023/8/26, 42, 5, 25, 2, 
2023/8/27, 14, 6, 24, 2, 
2023/8/28, 16, 6, 30, 2, 
2023/8/29, 14, 8, 31, 5, 
2023/8/30, 17, 8, 26, 5, 
2023/8/31, 16, 7, 29, 4, 
2023/9/1, 15, 8, 30, 4, 
2023/9/2, 19, 10, 42, 4, 
2023/9/3, 28, 13, 38, 6, 
2023/9/4, 32, 23, 46, 8, 
2023/9/5, 43, 24, 43, 7, 
2023/9/6, 51, 22, 51, 6, 
2023/9/7, 49, 20, 50, 6, 
2023/9/8, 48, 18, 50, 5, 
2023/9/9, 50, 14, 44, 4, 
2023/9/10, 43, 16, 42, 6, 
2023/9/11, 37, 13, 35, 6, 
2023/9/12, 27, 9, 26, 5, 
2023/9/13, 24, 11, 25, 5, 
2023/9/14, 32, 9, 34, 5, 
2023/9/15, 23, 9, 31, 1, 
2023/9/16, 23, 47, 32, 1, 
2023/9/17, 69, 15, 24, 6, 
2023/9/18, 29, 5, 30, 4, 
2023/9/19, 10, 9, 28, 6, 
2023/9/20, 18, 5, 28, 2, 
2023/9/21, 10, 4, 25, 3, 
2023/9/22, 9, , , , 
2023/9/24, 15, 8, 33, 7, 
2023/9/25, 20, 11, 35, 10, 
2023/9/26, 26, 14, 38, 11, 
2023/9/27, 31, 14, 39, 9, 
2023/9/28, 31, 14, 26, 8, 
2023/9/29, 33, 23, 32, 4, 
2023/9/30, 49, 17, 36, 5, 
2023/4/1, 9, 3, 26, 1, 
2023/4/2, 10, 6, 19, 2, 
2023/4/3, 23, 10, 33, 3, 
2023/4/4, 33, 11, 33, 9, 
2023/4/5, 38, 13, 35, 8, 
2023/4/6, 39, 11, 38, 8, 
2023/4/7, 30, 7, 37, 5, 
2023/4/8, 24, 8, 38, 5, 
2023/4/9, 28, 8, 39, 5, 
2023/4/10, 25, 7, 33, 3, 
2023/4/11, 21, 7, 37, 2, 
2023/4/12, 16, 6, 35, 5, 
2023/4/13, 14, 3, 31, 4, 
2023/4/14, 8, 2, 29, 3, 
2023/4/15, 6, 12, 31, 2, 
2023/4/16, 45, 16, 22, 4, 
2023/4/17, 56, 13, 33, 4, 
2023/4/18, 46, 10, 37, 7, 
2023/4/19, 32, 13, 25, 7, 
2023/4/20, 45, 11, 44, 5, 
2023/4/21, 35, 8, 45, 1, 
2023/4/22, 19, 3, 33, 2, 
2023/4/23, 8, 6, 38, 3, 
2023/4/24, 16, 9, 40, 3, 
2023/4/25, 26, 11, 38, 5, 
2023/4/26, 25, 12, 37, 5, 
2023/4/27, 26, 10, 29, 4, 
2023/4/28, 16, 8, 24, 4, 
2023/4/29, 21, 10, 29, 2, 
2023/4/30, 32, 8, 34, 2, 
2023/5/1, 28, 10, 38, 2, 
2023/5/2, 30, 12, 45, 5, 
2023/5/3, 32, 12, 41, 5, 
2023/5/4, 26, 13, 31, 5, 
2023/5/5, 33, 12, 33, 3, 
2023/5/6, 37, 5, 32, 3, 
2023/5/7, 12, 8, 30, 2, 
2023/5/8, 20, 9, 18, 5, 
2023/5/9, 22, 6, 31, 2, 
2023/5/10, 12, 4, 27, 2, 
2023/5/11, 9, 6, 25, 3, 
2023/5/12, 20, 9, 21, 3, 
2023/5/13, 31, 8, 30, 2, 
2023/5/14, 28, 21, 41, 3, 
2023/5/15, 59, 13, 30, 3, 
2023/5/16, 42, 11, 34, 2, 
2023/5/17, 22, 11, 29, 2, 
2023/5/18, 37, 12, 33, 4, 
2023/5/19, 36, 13, 29, 3, 
2023/5/20, 43, 18, 27, 4, 
2023/5/21, 57, 21, 31, 5, 
2023/5/22, 60, 24, 27, 4, 
2023/5/23, 65, 20, 35, 3, 
2023/5/24, 56, 14, 39, 3, 
2023/5/25, 39, 16, 41, 5, 
2023/5/26, 47, 18, 51, 5, 
2023/5/27, 52, 16, 40, 5, 
2023/5/28, 48, 15, 50, 3, 
2023/5/29, 41, 16, 50, 4, 
2023/5/30, 40, 17, 48, 4, 
2023/5/31, 44, 12, 51, 4, 
2023/6/1, 32, 19, 60, 4, 
2023/6/2, 47, 14, 43, 3, 
2023/6/3, 42, 8, 40, 2, 
2023/6/4, 24, 13, 50, 3, 
2023/6/5, 36, 18, 63, 4, 
2023/6/6, 47, 18, 53, 4, 
2023/6/7, 52, 11, 38, 4, 
2023/6/8, 31, 11, 31, 5, 
2023/6/9, 28, 8, 35, 3, 
2023/6/10, 21, 9, 34, 3, 
2023/6/11, 27, 12, 40, 4, 
2023/6/12, 34, 12, 32, 6, 
2023/6/13, 35, 15, 56, 3, 
2023/6/14, 36, 20, 66, 4, 
2023/6/15, 48, 19, 62, 4, 
2023/6/16, 51, 22, 65, 3, 
2023/6/17, 50, 17, 50, 4, 
2023/6/18, 50, 15, 52, 4, 
2023/6/19, 37, 24, 45, 5, 
2023/6/20, 48, 25, 48, 5, 
2023/6/21, 51, 19, 31, 6, 
2023/6/22, 42, 11, 38, 3, 
2023/6/23, 28, 13, 52, 4, 
2023/6/24, 30, 13, 53, 3, 
2023/6/25, 39, 16, 36, 4, 
2023/6/26, 43, 15, 41, 3, 
2023/6/27, 31, 13, 41, 4, 
2023/6/28, 23, 18, 42, 4, 
2023/6/29, 39, 12, 33, 3, 
2023/6/30, 37, 7, 17, 3, 
2023/1/2, 31, , 17, 9, 
2023/1/3, 29, , 7, 5, 
2023/1/4, 35, , 16, , 
2023/1/5, 27, , 17, 9, 
2023/1/6, 21, , 31, 7, 
2023/1/7, 23, , 30, , 
2023/1/8, 16, , 29, 6, 
2023/1/9, 11, , 20, 2, 
2023/1/10, 21, 6, 21, , 
2023/1/11, 19, 7, 22, 10, 
2023/1/12, 20, , 28, 3, 
2023/1/13, 15, 7, 27, 8, 
2023/1/14, 22, 2, 28, 4, 
2023/1/15, 10, , 29, 1, 
2023/1/16, 6, 2, 29, , 
2023/1/17, 6, 1, 30, 7, 
2023/1/18, 25, 13, 16, 12, 
2023/1/19, 46, 12, , 10, 
2023/1/20, 48, , 24, , 
2023/1/21, 35, , 22, , 
2023/1/22, 55, , 12, 8, 
2023/1/23, 55, , 13, 6, 
2023/1/24, 69, , 13, , 
2023/1/25, 71, , 13, 7, 
2023/1/26, 42, , 14, 5, 
2023/1/27, 55, , , , 
2023/1/28, 53, , 21, , 
2023/1/29, 58, , 20, 9, 
2023/1/30, 56, 8, 21, 3, 
2023/1/31, 32, 16, 23, , 
2023/2/1, 47, , 20, , 
2023/2/2, 38, , 28, , 
2023/2/3, 30, , 22, , 
2023/2/4, 39, , 28, , 
2023/2/5, 27, , 21, , 
2023/2/6, 35, , 18, , 
2023/2/7, 55, , 15, , 
2023/2/8, 81, , 6, , 
2023/2/9, 65, , 10, , 
2023/2/10, 91, , 9, , 
2023/2/11, 110, , , , 
2023/2/12, 116, , , , 
2023/2/13, 76, , , , 
2023/2/14, 62, , , , 
2023/2/15, 65, , , , 
2023/2/16, 50, , 24, , 
2023/2/17, 50, , 28, , 
2023/2/18, 47, , , , 
2023/2/19, 40, , 25, , 
2023/2/20, 30, , 18, , 
2023/2/21, 60, , , , 
2023/2/22, 69, , , , 
2023/2/23, 66, , , , 
2023/2/24, 54, , , , 
2023/2/25, 28, 8, 30, 2, 
2023/2/26, 22, 10, 24, 4, 
2023/2/27, 29, 15, 20, 5, 
2023/2/28, 51, 28, 17, 6, 
2023/3/1, 82, 35, 23, 8, 
2023/3/2, 97, 41, 27, 9, 
2023/3/3, 108, 47, 24, 7, 
2023/3/4, 120, 34, 27, 6, 
2023/3/5, 98, 34, 28, 11, 
2023/3/6, 90, 23, 23, 10, 
2023/3/7, 63, 4, 31, 4, 
2023/3/8, 12, 6, 32, 4, 
2023/3/9, 16, 7, 34, 2, 
2023/3/10, 16, 4, 20, 6, 
2023/3/11, 16, 5, 28, 5, 
2023/3/12, 18, 5, 26, 5, 
2023/3/13, 12, 4, 33, 2, 
2023/3/14, 9, 6, 33, 5, 
2023/3/15, 17, 8, 40, 7, 
2023/3/16, 23, 6, 42, 1, 
2023/3/17, 12, 6, 42, 1, 
2023/3/18, 17, 4, 34, 2, 
2023/3/19, 13, 7, 32, 3, 
2023/3/20, 22, 10, 32, 7, 
2023/3/21, 29, 10, 32, 6, 
2023/3/22, 27, 9, 40, 4, 
2023/3/23, 21, 7, 37, 3, 
2023/3/24, 16, 6, 33, 2, 
2023/3/25, 15, 4, 34, 1, 
2023/3/26, 11, 6, 29, 2, 
2023/3/27, 18, 11, 32, 8, 
2023/3/28, 31, 20, 24, 12, 
2023/3/29, 32, 18, 35, 2, 
2023/3/30, 37, 13, 34, 1, 
2023/3/31, 30, 3, 31, 1, 
2022/10/3, 14, , 19, 5, 
2022/10/4, 28, , 17, , 
2022/10/5, 20, , 30, , 
2022/10/6, 33, , 27, , 
2022/10/7, 36, , 23, , 
2022/10/8, 30, , 19, , 
2022/10/9, 42, , , , 
2022/10/10, 35, , 23, , 
2022/10/11, 51, , 20, , 
2022/10/12, 50, , 23, , 
2022/10/13, 45, , 18, , 
2022/10/14, 10, , 18, , 
2022/10/15, 8, , 19, , 
2022/10/16, 21, , 33, , 
2022/10/17, 21, , 29, , 
2022/10/18, 28, , 22, , 
2022/10/19, 45, , 17, , 
2022/10/20, 34, , 23, , 
2022/10/21, 28, , 26, , 
2022/10/22, 20, , 30, , 
2022/10/23, 48, , 34, , 
2022/10/24, 36, 13, 30, , 
2022/10/25, 25, 28, 29, 9, 
2022/10/26, 53, , 28, , 
2022/10/27, 53, , 16, , 
2022/10/28, 54, , 23, , 
2022/10/29, 36, , 32, 10, 
2022/10/30, 17, , 31, 1, 
2022/10/31, 47, , 31, , 
2022/11/2, 27, , 10, , 
2022/11/3, 19, , 9, 5, 
2022/11/7, 27, , , , 
2022/11/8, 11, , , 2, 
2022/11/9, 17, , , 10, 
2022/11/10, 25, , , 3, 
2022/11/11, 42, 15, , , 
2022/11/12, 43, 16, , 11, 
2022/11/13, 48, , , 10, 
2022/11/14, 19, 5, 23, 1, 
2022/11/15, 15, 2, 21, 5, 
2022/11/16, 10, 6, 27, 2, 
2022/11/17, 15, , 26, 5, 
2022/11/18, 15, 8, 21, 2, 
2022/11/19, 31, , 22, , 
2022/11/21, 13, , 21, 4, 
2022/11/22, 20, , 18, , 
2022/11/23, 21, 12, 22, , 
2022/11/24, 34, 12, 16, , 
2022/11/25, 32, 12, 15, 13, 
2022/11/26, 38, 9, 19, 4, 
2022/11/27, 39, 7, 27, 9, 
2022/11/28, 23, 8, 25, 1, 
2022/11/29, 21, 15, 18, , 
2022/11/30, 50, 18, 13, , 
2022/12/1, 49, , 17, 7, 
2022/12/2, 59, 18, 12, 2, 
2022/12/3, 65, 13, 3, 10, 
2022/12/4, 49, , 8, 10, 
2022/12/5, 50, 20, 7, 11, 
2022/12/6, 69, 13, 4, , 
2022/12/7, 52, 13, 15, 8, 
2022/12/8, 73, , 12, 3, 
2022/12/9, 57, , , , 
2022/12/10, 48, , 19, , 
2022/12/11, 63, 30, 18, , 
2022/12/12, 87, 30, 4, , 
2022/12/13, 69, 4, 18, , 
2022/12/14, 13, 12, 15, , 
2022/12/15, 29, , 5, , 
2022/12/16, 39, , 12, , 
2022/12/17, 66, 12, 11, 11, 
2022/12/18, 42, 5, 20, 14, 
2022/12/19, 8, 4, 27, 1, 
2022/12/20, 11, 3, 27, , 
2022/12/21, 10, 7, 26, , 
2022/12/22, 19, 2, 24, , 
2022/12/23, 9, , 21, , 
2022/12/24, 23, , 20, , 
2022/12/25, 24, 11, 18, , 
2022/12/26, 35, 3, 22, 8, 
2022/12/27, 27, 10, 17, 4, 
2022/12/28, 32, 8, 24, , 
2022/12/29, 21, , 25, , 
2022/12/30, 8, , 23, 3, 
2022/12/31, 9, 16, 22, , 
2023/1/1, 34, 21, 27, , 
2022/7/1, 10, 17, 39, 4, 
2022/7/2, 33, 14, 45, 5, 
2022/7/3, 35, 13, 32, 5, 
2022/7/4, 26, 12, 36, 4, 
2022/7/5, 19, , 37, , 
2022/7/6, 17, , 33, , 
2022/7/7, 17, , 36, , 
2022/7/8, 20, , 40, , 
2022/7/9, 23, , 39, , 
2022/7/10, 22, , 42, , 
2022/7/11, 24, , 41, , 
2022/7/12, 16, , 75, , 
2022/7/13, 20, , 53, , 
2022/7/14, 27, , 54, , 
2022/7/15, 29, , 48, , 
2022/7/16, 30, , 61, , 
2022/7/17, 30, , 70, , 
2022/7/18, 39, 22, 45, , 
2022/7/19, 50, 25, 43, , 
2022/7/20, 59, 19, 46, 4, 
2022/7/21, 52, , 58, 5, 
2022/7/22, 57, , 37, 3, 
2022/7/23, 53, 14, 58, 3, 
2022/7/24, 48, 13, 46, 6, 
2022/7/25, 48, 11, 31, 2, 
2022/7/26, 17, 10, 37, 3, 
2022/7/27, 16, 13, 42, 4, 
2022/7/28, 22, 11, 47, 4, 
2022/7/29, 28, 14, 51, , 
2022/7/30, 26, 11, 41, 2, 
2022/7/31, 23, , 36, 3, 
2022/8/1, 24, 12, 37, , 
2022/8/2, 18, 14, 51, 3, 
2022/8/3, 20, 15, 44, 4, 
2022/8/4, 30, 17, 46, 3, 
2022/8/5, 35, 14, 45, 5, 
2022/8/6, 38, 10, 45, 4, 
2022/8/7, 25, , 48, 4, 
2022/8/8, 21, , 57, 6, 
2022/8/9, 25, , 63, , 
2022/8/10, 32, , 67, , 
2022/8/11, 40, , 65, , 
2022/8/12, 45, , 68, , 
2022/8/13, 37, , 37, , 
2022/8/14, 26, 11, 38, 3, 
2022/8/15, 29, 14, 43, 6, 
2022/8/16, 46, 12, 31, 5, 
2022/8/17, 37, 9, 30, 3, 
2022/8/18, 29, , 31, 2, 
2022/8/19, 24, 4, 25, 2, 
2022/8/20, 9, 7, 33, 3, 
2022/8/21, 16, 6, 26, 4, 
2022/8/22, 12, 4, 28, 4, 
2022/8/23, 9, , 50, 4, 
2022/8/24, 11, 12, 41, 6, 
2022/8/25, 28, 12, 39, 3, 
2022/8/26, 32, , 37, 3, 
2022/8/27, 33, , 43, 4, 
2022/8/28, 38, , 51, 5, 
2022/8/29, 44, 16, 37, , 
2022/8/30, 45, 8, 40, 4, 
2022/8/31, 35, 15, 46, 5, 
2022/9/1, 36, 11, 32, 7, 
2022/9/2, 30, , 30, , 
2022/9/3, 25, , 35, , 
2022/9/4, 29, 17, 32, 4, 
2022/9/5, 36, 19, 26, 1, 
2022/9/6, 34, 15, 30, 5, 
2022/9/7, 35, 7, 25, 4, 
2022/9/8, 15, , 12, 4, 
2022/9/9, 13, , 27, , 
2022/9/10, 12, 5, 32, , 
2022/9/11, 12, 4, 38, , 
2022/9/12, 15, 14, 26, 7, 
2022/9/13, 27, 8, 27, , 
2022/9/14, 18, 10, 22, 5, 
2022/9/15, 20, 7, 28, 3, 
2022/9/16, 30, , 22, , 
2022/9/17, 19, , 26, 4, 
2022/9/18, 16, 7, 25, 5, 
2022/9/19, 14, 6, 26, 6, 
2022/9/20, 18, , 28, 7, 
2022/9/21, 20, 12, 33, 8, 
2022/9/22, 26, 11, 29, 13, 
2022/9/23, 36, 6, 30, , 
2022/9/24, 22, 7, 27, , 
2022/9/25, 15, 8, 26, 3, 
2022/9/26, 28, 3, 22, 1, 
2022/9/27, 13, , 20, , 
2022/9/28, 5, 4, 19, 5, 
2022/9/29, 11, 9, 19, 4, 
2022/9/30, 29, , 17, 7, 
2022/4/1, 26, 11, 15, 4, 
2022/4/2, 44, 13, 40, 5, 
2022/4/3, 53, 16, 30, 9, 
2022/4/4, 57, 18, 28, 11, 
2022/4/5, 55, 9, 20, 7, 
2022/4/6, 27, 3, 25, 3, 
2022/4/7, 4, 4, 32, 2, 
2022/4/8, 7, 5, 30, 3, 
2022/4/9, 15, 7, 34, 6, 
2022/4/10, 23, 6, 36, 7, 
2022/4/11, 16, 10, 36, 3, 
2022/4/12, 16, 14, 36, 9, 
2022/4/13, 26, 19, 32, 5, 
2022/4/14, 40, 17, 34, 5, 
2022/4/15, 33, 15, 34, 4, 
2022/4/16, 34, 8, 33, 4, 
2022/4/17, 21, 8, 37, 4, 
2022/4/18, 20, 11, 34, 5, 
2022/4/19, 20, 14, 27, 8, 
2022/4/20, 29, 11, 34, 6, 
2022/4/21, 32, 16, 42, 6, 
2022/4/22, 41, 5, 36, 1, 
2022/4/23, 13, 1, 30, 2, 
2022/4/24, 4, 10, 30, 4, 
2022/4/25, 33, 14, 35, 5, 
2022/4/26, 45, 14, 39, 6, 
2022/4/27, 41, 14, 42, 6, 
2022/4/28, 34, 13, 40, 6, 
2022/4/29, 29, 14, 37, 4, 
2022/4/30, 42, 16, 34, 3, 
2022/5/1, 49, 14, 38, 5, 
2022/5/2, 39, 16, 34, 5, 
2022/5/3, 40, 12, 31, 5, 
2022/5/4, 30, 13, 22, 5, 
2022/5/5, 41, 13, 27, 5, 
2022/5/6, 40, 14, 39, 4, 
2022/5/7, 40, 13, 36, 4, 
2022/5/8, 41, 14, 38, 6, 
2022/5/9, 40, 15, 41, 4, 
2022/5/10, 39, 17, 43, 4, 
2022/5/11, 38, 18, 37, 7, 
2022/5/12, 38, 21, 29, 6, 
2022/5/13, 48, 14, 37, 3, 
2022/5/14, 37, 15, 42, 3, 
2022/5/15, 38, 19, 41, 5, 
2022/5/16, 33, 22, 49, 5, 
2022/5/17, 42, 18, 46, 4, 
2022/5/18, 39, 19, 42, 2, 
2022/5/19, 36, 23, 38, 1, 
2022/5/20, 38, 26, 44, 3, 
2022/5/21, 54, 25, 42, 4, 
2022/5/22, 54, 21, 29, 4, 
2022/5/23, 40, 7, 34, 2, 
2022/5/24, 11, 6, 33, 2, 
2022/5/25, 9, 7, 30, 2, 
2022/5/26, 13, 10, 27, 2, 
2022/5/27, 18, 13, 37, 1, 
2022/5/28, 20, 10, 34, 2, 
2022/5/29, 18, 12, 44, 4, 
2022/5/30, 22, 13, 26, 7, 
2022/5/31, 30, 13, 6, 6, 
2022/6/1, 46, , , , 
2022/6/3, 49, , 33, 5, 
2022/6/4, 43, , 32, 2, 
2022/6/5, 20, , 34, 2, 
2022/6/6, 23, , 29, 3, 
2022/6/7, 18, , 22, 4, 
2022/6/8, 14, 9, 27, 3, 
2022/6/9, 17, 8, 33, , 
2022/6/10, 22, 8, 43, , 
2022/6/11, 18, 9, 42, 5, 
2022/6/12, 20, 12, 39, 4, 
2022/6/13, 27, 7, 60, 6, 
2022/6/14, 20, , 38, 7, 
2022/6/15, 43, , 51, 6, 
2022/6/16, 53, , 56, , 
2022/6/17, 38, , 61, 4, 
2022/6/18, 47, , 57, 1, 
2022/6/19, 44, , 46, 2, 
2022/6/20, 38, , 41, 3, 
2022/6/21, 57, 34, 30, 1, 
2022/6/22, 55, 18, 28, , 
2022/6/23, 42, , 25, , 
2022/6/24, 24, , 33, , 
2022/6/25, 16, , 19, 2, 
2022/6/26, 21, , 25, 1, 
2022/6/27, 10, 11, 28, 2, 
2022/6/28, 24, 10, 42, 4, 
2022/6/29, 18, 10, 26, 4, 
2022/6/30, 19, 5, 27, 3, 
2022/1/3, 22, 6, 22, 5, 
2022/1/4, 15, 6, 19, 5, 
2022/1/5, 15, 10, 14, 7, 
2022/1/6, 32, 12, 13, 15, 
2022/1/7, 39, 5, 23, 10, 
2022/1/8, 19, 7, 23, 7, 
2022/1/9, 21, 6, 16, 10, 
2022/1/10, 18, 15, 13, 9, 
2022/1/11, 53, 18, 10, 7, 
2022/1/12, 62, 30, 8, 13, 
2022/1/13, 86, 23, 5, 22, 
2022/1/14, 67, 19, 13, 19, 
2022/1/15, 62, 23, 16, 17, 
2022/1/16, 72, 28, 9, 18, 
2022/1/17, 82, 18, 9, 10, 
2022/1/18, 63, 29, 5, 17, 
2022/1/19, 81, 14, 11, 10, 
2022/1/20, 54, 8, 24, 6, 
2022/1/21, 27, 13, 18, 8, 
2022/1/22, 48, 18, 17, 7, 
2022/1/23, 63, 27, 11, 15, 
2022/1/24, 77, 26, 4, 22, 
2022/1/25, 68, 25, 13, 20, 
2022/1/26, 69, 33, 7, 19, 
2022/1/27, 93, 18, 15, 10, 
2022/1/28, 62, 13, 13, 9, 
2022/1/29, 50, 8, 12, 10, 
2022/1/30, 34, 9, 23, 11, 
2022/1/31, 28, 10, 20, 10, 
2022/2/1, 31, 5, 14, 12, 
2022/2/2, 17, 13, 9, 15, 
2022/2/3, 37, 12, 14, 11, 
2022/2/4, 43, 9, 29, 10, 
2022/2/5, 33, 8, 30, 10, 
2022/2/6, 31, 6, 28, 7, 
2022/2/7, 15, 16, 16, 16, 
2022/2/8, 43, 18, 20, 19, 
2022/2/9, 47, 18, 21, 16, 
2022/2/10, 50, 10, 23, 10, 
2022/2/11, 35, 12, 29, 10, 
2022/2/12, 43, 10, 31, 2, 
2022/2/13, 30, 2, 30, 5, 
2022/2/14, 6, 5, 22, 7, 
2022/2/15, 14, 2, 24, 6, 
2022/2/16, 6, 4, 22, 6, 
2022/2/17, 9, 9, 27, 9, 
2022/2/18, 18, 8, 25, 6, 
2022/2/19, 22, 5, 24, 6, 
2022/2/20, 17, 2, 28, 1, 
2022/2/21, 7, , , , 
2022/2/28, 44, 24, 21, 16, 
2022/3/1, 63, 21, 21, 17, 
2022/3/2, 61, 25, 19, 13, 
2022/3/3, 65, 19, 26, 7, 
2022/3/4, 58, 22, 27, 10, 
2022/3/5, 68, 23, 26, 10, 
2022/3/6, 72, 32, 22, 13, 
2022/3/7, 86, 24, 28, 12, 
2022/3/8, 71, 15, 29, 7, 
2022/3/9, 47, 9, 31, 7, 
2022/3/10, 31, 15, 33, 2, 
2022/3/11, 38, , 33, 4, 
2022/3/15, 34, 29, 17, 16, 
2022/3/16, 54, 33, 12, 7, 
2022/3/17, 63, 27, 12, 8, 
2022/3/18, 68, 42, 18, 9, 
2022/3/19, 95, 18, 31, 4, 
2022/3/20, 54, 14, 32, 4, 
2022/3/21, 49, 18, 37, 8, 
2022/3/22, 56, 20, 40, 8, 
2022/3/23, 58, 25, 39, 9, 
2022/3/24, 63, 28, 47, 10, 
2022/3/25, 67, 34, 48, 10, 
2022/3/26, 81, 28, 45, 7, 
2022/3/27, 71, 28, 47, 7, 
2022/3/28, 60, 46, 44, 3, 
2022/3/29, 69, 40, 26, 5, 
2022/3/30, 62, 21, 25, 7, 
2022/3/31, 55, 7, 19, 4, 
2021/10/1, 24, 8, 35, 3, 
2021/10/2, 18, 10, 34, 1, 
2021/10/3, 20, 4, 23, 8, 
2021/10/4, 12, 5, 18, 6, 
2021/10/5, 13, 7, 23, 6, 
2021/10/6, 16, 9, 18, 7, 
2021/10/7, 24, 11, 11, 6, 
2021/10/8, 41, 18, 13, 7, 
2021/10/9, 60, 19, 17, 4, 
2021/10/10, 62, 21, 36, 5, 
2021/10/11, 60, 18, 20, 4, 
2021/10/12, 55, 10, 23, 5, 
2021/10/13, 30, 13, 19, 9, 
2021/10/14, 35, 14, 18, 13, 
2021/10/15, 39, 14, 23, 8, 
2021/10/16, 49, 13, 21, 10, 
2021/10/17, 49, 13, 18, 13, 
2021/10/18, 36, 15, 29, 14, 
2021/10/19, 36, 6, 33, 2, 
2021/10/20, 15, 8, 29, 5, 
2021/10/21, 18, 7, 25, 8, 
2021/10/22, 20, 9, 25, 8, 
2021/10/23, 28, 12, 19, 12, 
2021/10/24, 41, 14, 25, 13, 
2021/10/25, 42, 15, 16, 11, 
2021/10/26, 44, 15, 16, 10, 
2021/10/27, 43, 14, 27, 9, 
2021/10/28, 34, 8, 32, 2, 
2021/10/29, 20, 3, 32, 1, 
2021/10/30, 6, 2, 26, 1, 
2021/10/31, 5, 3, 19, 4, 
2021/11/1, 10, 3, 23, 3, 
2021/11/2, 6, 2, 23, 4, 
2021/11/3, 4, , , , 
2021/11/8, 35, 20, 13, 9, 
2021/11/9, 59, 24, 5, 15, 
2021/11/10, 66, 19, 8, 16, 
2021/11/11, 59, 15, 12, 15, 
2021/11/12, 47, 16, 10, 13, 
2021/11/13, 51, 6, 14, 5, 
2021/11/14, 23, 15, 9, 7, 
2021/11/15, 49, 10, 12, 8, 
2021/11/16, 37, 8, 10, 8, 
2021/11/17, 26, 11, 13, 9, 
2021/11/18, 37, 18, 11, 9, 
2021/11/19, 60, 18, 2, 10, 
2021/11/20, 63, 17, 8, 11, 
2021/11/21, 56, 8, 6, 6, 
2021/11/22, 29, 17, 4, 10, 
2021/11/23, 53, 20, 5, 9, 
2021/11/24, 64, 31, 1, 11, 
2021/11/25, 90, 12, 18, 8, 
2021/11/26, 46, 3, 20, 4, 
2021/11/27, 9, 3, 18, 6, 
2021/11/28, 13, 6, 17, 7, 
2021/11/29, 23, 7, 14, 13, 
2021/11/30, 27, 3, 20, 8, 
2021/12/1, 11, 7, 17, 9, 
2021/12/2, 23, 7, 21, 6, 
2021/12/3, 25, 2, 20, 3, 
2021/12/4, 6, 4, 19, 5, 
2021/12/5, 11, 5, 16, 11, 
2021/12/6, 20, 6, 23, 10, 
2021/12/7, 18, 5, 20, 10, 
2021/12/8, 15, 9, 17, 10, 
2021/12/9, 25, 4, 21, 7, 
2021/12/10, 11, 8, 16, 7, 
2021/12/11, 24, 12, 14, 10, 
2021/12/12, 40, 13, 7, 14, 
2021/12/13, 42, 15, 3, 15, 
2021/12/14, 49, 20, 3, 13, 
2021/12/15, 66, 9, 8, 11, 
2021/12/16, 34, 17, 8, 11, 
2021/12/17, 62, 16, 5, 8, 
2021/12/18, 61, 24, 3, 12, 
2021/12/19, 79, 17, 5, 12, 
2021/12/20, 62, 25, 7, 12, 
2021/12/21, 79, 27, 4, 16, 
2021/12/22, 86, 13, 13, 18, 
2021/12/23, 44, 7, 11, 15, 
2021/12/24, 24, 11, 5, 15, 
2021/12/25, 42, 8, 9, 12, 
2021/12/26, 31, 6, 25, 7, 
2021/12/27, 21, 4, 25, 7, 
2021/12/28, 11, 5, 10, 12, 
2021/12/29, 15, 5, 14, 7, 
2021/12/30, 12, 9, 4, 13, 
2021/12/31, 25, 11, 5, 13, 
2022/1/1, 38, 12, 5, 14, 
2022/1/2, 42, 7, 21, 13, 
2021/7/1, 17, 11, 43, 4, 
2021/7/2, 25, 11, 25, 6, 
2021/7/3, 35, 7, 25, 3, 
2021/7/4, 20, 5, 20, 3, 
2021/7/5, 12, 7, 15, 5, 
2021/7/6, 21, 9, 25, 4, 
2021/7/7, 26, 6, 20, 2, 
2021/7/8, 14, 8, 24, 4, 
2021/7/9, 17, 7, 30, 3, 
2021/7/10, 17, 8, 30, 2, 
2021/7/11, 19, 10, 19, 5, 
2021/7/12, 24, 4, 14, 3, 
2021/7/13, 9, 5, 18, 3, 
2021/7/14, 11, 9, 18, 6, 
2021/7/15, 27, 8, 20, 3, 
2021/7/16, 23, 12, 23, 2, 
2021/7/17, 39, 17, 30, 1, 
2021/7/18, 47, 18, 33, 4, 
2021/7/19, 42, 19, 38, 4, 
2021/7/20, 41, 25, 47, 4, 
2021/7/21, 64, 21, 51, 5, 
2021/7/22, 55, 22, 49, 5, 
2021/7/23, 54, 11, 33, 1, 
2021/7/24, 27, 9, 24, 2, 
2021/7/25, 23, 11, 29, 3, 
2021/7/26, 28, 15, 37, 4, 
2021/7/27, 36, 9, 27, 3, 
2021/7/28, 27, 11, 37, 4, 
2021/7/29, 29, 14, 26, 5, 
2021/7/30, 39, 9, 19, 2, 
2021/7/31, 22, 7, 20, 2, 
2021/8/1, 19, 7, 27, 3, 
2021/8/2, 13, 9, 17, 5, 
2021/8/3, 19, 7, 15, 5, 
2021/8/4, 19, 4, 23, 2, 
2021/8/5, 8, 6, 24, 2, 
2021/8/6, 14, 5, 15, 4, 
2021/8/7, 13, 5, 23, 2, 
2021/8/8, 12, 7, 27, 3, 
2021/8/9, 18, 11, 40, 5, 
2021/8/10, 26, 15, 55, 4, 
2021/8/11, 40, 20, 40, 5, 
2021/8/12, 49, 31, 57, 3, 
2021/8/13, 57, 31, 51, 4, 
2021/8/14, 60, 36, 38, 2, 
2021/8/15, 66, 11, 27, 1, 
2021/8/16, 26, 11, 32, 1, 
2021/8/17, 30, 10, 25, 2, 
2021/8/18, 27, 8, 26, 2, 
2021/8/19, 21, 10, 39, 3, 
2021/8/20, 20, 11, 41, 4, 
2021/8/21, 27, 12, 23, 2, 
2021/8/22, 29, 11, 26, 2, 
2021/8/23, 23, 11, 27, 4, 
2021/8/24, 28, 14, 30, 3, 
2021/8/25, 30, 13, 34, 3, 
2021/8/26, 32, 14, 29, 2, 
2021/8/27, 28, 10, 26, 2, 
2021/8/28, 18, 7, 23, 2, 
2021/8/29, 19, 11, 19, 3, 
2021/8/30, 23, 17, 31, 3, 
2021/8/31, 37, 16, 37, 5, 
2021/9/1, 36, 13, 36, 6, 
2021/9/2, 32, 10, 32, 7, 
2021/9/3, 27, 11, 43, 5, 
2021/9/4, 33, 13, 41, 3, 
2021/9/5, 31, 16, 54, 6, 
2021/9/6, 38, 14, 41, 6, 
2021/9/7, 36, 13, 46, 6, 
2021/9/8, 34, 14, 48, 3, 
2021/9/9, 42, 15, 36, 7, 
2021/9/10, 49, 10, 35, 5, 
2021/9/11, 33, 7, 39, 4, 
2021/9/12, 21, 8, 34, 5, 
2021/9/13, 22, 10, 37, 2, 
2021/9/14, 26, 10, 31, 4, 
2021/9/15, 24, 10, 23, 6, 
2021/9/16, 24, 10, 28, 5, 
2021/9/17, 28, 11, 33, 4, 
2021/9/18, 28, 3, 22, 3, 
2021/9/19, 5, 4, 23, 4, 
2021/9/20, 11, 10, 24, 4, 
2021/9/21, 29, 13, 31, 6, 
2021/9/22, 43, 15, 28, 8, 
2021/9/23, 46, 17, 37, 8, 
2021/9/24, 48, 15, 33, 5, 
2021/9/25, 39, 9, 27, 4, 
2021/9/26, 24, 9, 24, 6, 
2021/9/27, 20, 9, 25, 7, 
2021/9/28, 17, 7, 23, 5, 
2021/9/29, 13, 6, 15, 5, 
2021/9/30, 13, 12, 29, 6, 
2021/4/1, 26, 24, 42, 7, 
2021/4/2, 42, 19, 35, 3, 
2021/4/3, 47, 10, 33, 3, 
2021/4/4, 28, 12, 36, 4, 
2021/4/5, 27, 9, 29, 3, 
2021/4/6, 20, 9, 32, 5, 
2021/4/7, 26, 14, 35, 8, 
2021/4/8, 34, 9, 36, 3, 
2021/4/9, 19, 5, 37, 1, 
2021/4/10, 11, 3, 33, 3, 
2021/4/11, 7, 9, 31, 4, 
2021/4/12, 32, 10, 33, 8, 
2021/4/13, 33, 12, 36, 6, 
2021/4/14, 41, 11, 35, 6, 
2021/4/15, 38, 12, 28, 7, 
2021/4/16, 44, 13, 34, 4, 
2021/4/17, 46, 15, 30, 4, 
2021/4/18, 51, 15, 34, 6, 
2021/4/19, 46, 15, 38, 6, 
2021/4/20, 46, 9, 24, 8, 
2021/4/21, 34, 12, 40, 6, 
2021/4/22, 42, 16, 44, 6, 
2021/4/23, 52, 11, 47, 5, 
2021/4/24, 37, 9, 47, 3, 
2021/4/25, 31, 14, 30, 7, 
2021/4/26, 38, 19, 12, 7, 
2021/4/27, 56, 3, 28, 3, 
2021/4/28, 5, 9, 29, 5, 
2021/4/29, 23, 7, 24, 6, 
2021/4/30, 27, 8, 28, 5, 
2021/5/1, 31, 11, 33, 3, 
2021/5/2, 40, 10, 37, 5, 
2021/5/3, 37, 9, 35, 6, 
2021/5/4, 23, 5, 30, 3, 
2021/5/5, 14, 5, 25, 4, 
2021/5/6, 12, 3, 26, 4, 
2021/5/7, 8, 6, 34, 4, 
2021/5/8, 15, 9, 35, , 
2021/5/9, 16, 5, 35, 5, 
2021/5/10, 11, 2, 22, 3, 
2021/5/11, 6, 5, 29, 5, 
2021/5/12, 14, 2, 25, 2, 
2021/5/13, 6, 4, 27, 3, 
2021/5/14, 10, 3, 24, 3, 
2021/5/15, 10, 5, 27, 4, 
2021/5/16, 13, 4, 24, 3, 
2021/5/17, 9, 6, 27, 5, 
2021/5/18, 14, 5, 31, 4, 
2021/5/19, 13, 6, 35, 6, 
2021/5/20, 14, 7, 26, 6, 
2021/5/21, 15, 4, 30, 2, 
2021/5/22, 10, 3, 35, 2, 
2021/5/23, 7, 5, 33, 3, 
2021/5/24, 12, 5, 30, 2, 
2021/5/25, 11, 7, 34, 3, 
2021/5/26, 15, 11, 37, 2, 
2021/5/27, 25, 9, 40, 4, 
2021/5/28, 15, 8, 39, 3, 
2021/5/29, 19, 7, 42, 2, 
2021/5/30, 17, 13, 37, 6, 
2021/5/31, 25, 8, 38, 6, 
2021/6/1, 22, 7, 32, 3, 
2021/6/2, 20, 12, 35, 4, 
2021/6/3, 30, 12, 38, 3, 
2021/6/4, 25, 4, 24, 2, 
2021/6/5, 9, 7, 26, 1, 
2021/6/6, 23, 12, 27, 3, 
2021/6/7, 42, 10, 36, 3, 
2021/6/8, 30, 13, 39, 5, 
2021/6/9, 39, 15, 42, 5, 
2021/6/10, 44, 16, 48, 4, 
2021/6/11, 46, 13, 35, 3, 
2021/6/12, 33, 9, 31, 2, 
2021/6/13, 21, 14, 38, 4, 
2021/6/14, 26, 17, 43, 5, 
2021/6/15, 30, 19, 47, 6, 
2021/6/16, 40, 14, 43, 3, 
2021/6/17, 39, 27, 35, 2, 
2021/6/18, 45, 49, 31, 2, 
2021/6/19, 67, 36, 25, 2, 
2021/6/20, 52, 14, 26, 5, 
2021/6/21, 25, 6, 31, 4, 
2021/6/22, 13, 6, 24, 5, 
2021/6/23, 14, 6, 21, 4, 
2021/6/24, 15, 11, 39, 3, 
2021/6/25, 29, 10, 43, 3, 
2021/6/26, 28, 13, 41, 4, 
2021/6/27, 28, 8, 31, 5, 
2021/6/28, 22, 6, 29, 3, 
2021/6/29, 9, 7, 29, 3, 
2021/6/30, 11, 8, 32, 3, 
2021/1/4, 61, 14, 9, 9, 
2021/1/5, 55, 16, 14, 9, 
2021/1/6, 60, 21, 11, 10, 
2021/1/7, 70, 17, 8, 10, 
2021/1/8, 61, 19, , 8, 
2021/1/9, 65, 15, , 6, 
2021/1/10, 58, 16, 7, 8, 
2021/1/11, 58, 15, 21, 13, 
2021/1/12, 45, 9, 14, 18, 
2021/1/13, 29, 4, 22, 11, 
2021/1/14, 12, 5, 20, 6, 
2021/1/15, 18, 9, 24, 6, 
2021/1/16, 39, 5, 20, 8, 
2021/1/17, 21, 10, 19, 10, 
2021/1/18, 35, 10, 32, 14, 
2021/1/19, 33, 5, 32, 1, 
2021/1/20, 12, 2, 30, 2, 
2021/1/21, 6, 3, 27, 3, 
2021/1/22, 10, 3, 25, 4, 
2021/1/23, 11, 3, 24, 3, 
2021/1/24, 12, 5, 20, 9, 
2021/1/25, 15, 13, 17, 11, 
2021/1/26, 46, 8, 17, 15, 
2021/1/27, 28, 4, 13, 9, 
2021/1/28, 13, 4, 20, 4, 
2021/1/29, 11, 7, 18, 11, 
2021/1/30, 23, 4, 21, 7, 
2021/1/31, 13, 2, 23, 5, 
2021/2/1, 5, 2, 16, 5, 
2021/2/2, 6, 3, 21, 3, 
2021/2/3, 8, 11, 14, 15, 
2021/2/4, 32, 13, 27, 20, 
2021/2/5, 39, 81, 28, 8, 
2021/2/6, 91, 3, 23, 3, 
2021/2/7, 9, 7, 17, 11, 
2021/2/8, 20, 13, 28, 10, 
2021/2/9, 47, 4, 27, 6, 
2021/2/10, 14, 24, 14, 9, 
2021/2/11, 77, 37, 12, 13, 
2021/2/12, 106, 29, 22, 9, 
2021/2/13, 87, 20, 22, 8, 
2021/2/14, 62, 10, 24, 11, 
2021/2/15, 29, 9, 23, 12, 
2021/2/16, 26, 10, 24, 12, 
2021/2/17, 30, 6, 28, 7, 
2021/2/18, 19, 17, 30, 8, 
2021/2/19, 34, 15, 35, 1, 
2021/2/20, 31, 10, 36, , 
2021/2/21, 22, 51, 33, 2, 
2021/2/22, 69, 55, 26, 4, 
2021/2/23, 77, 68, 23, 12, 
2021/2/24, 84, 73, 26, 13, 
2021/2/25, 88, 45, 20, 7, 
2021/2/26, 63, 17, 20, 4, 
2021/2/27, 53, 21, 21, 7, 
2021/2/28, 64, 31, 25, 11, 
2021/3/1, 70, 21, 25, 15, 
2021/3/2, 47, 25, 12, 25, 
2021/3/3, 49, 39, 25, 12, 
2021/3/4, 76, 32, 20, 9, 
2021/3/5, 75, 24, 14, 7, 
2021/3/6, 71, 26, 16, 11, 
2021/3/7, 68, 25, 16, 7, 
2021/3/8, 64, 23, 27, 8, 
2021/3/9, 68, 17, 26, 11, 
2021/3/10, 55, 5, 33, 3, 
2021/3/11, 13, 6, 27, 7, 
2021/3/12, 13, 3, 29, 2, 
2021/3/13, 9, 5, 26, 3, 
2021/3/14, 13, 6, 28, 7, 
2021/3/15, 17, 8, 40, 5, 
2021/3/16, 30, 6, 29, 5, 
2021/3/17, 22, 9, 28, 5, 
2021/3/18, 35, 11, 27, 6, 
2021/3/19, 45, 9, 32, 4, 
2021/3/20, 36, 15, 27, 4, 
2021/3/21, 57, 19, 30, 5, 
2021/3/22, 60, 12, 29, 7, 
2021/3/23, 40, 16, 31, 10, 
2021/3/24, 46, 13, 33, 9, 
2021/3/25, 35, 12, 37, 7, 
2021/3/26, 35, 6, 34, 3, 
2021/3/27, 18, 9, 33, 6, 
2021/3/28, 26, 12, 38, 10, 
2021/3/29, 33, 15, 38, 10, 
2021/3/30, 33, 17, 43, 9, 
2021/3/31, 35, 14, 40, 8, 
2020/10/1, 32, 4, 29, 5, 
2020/10/2, 12, 2, 27, 1, 
2020/10/3, 4, 2, 25, 1, 
2020/10/4, 5, 3, 20, 3, 
2020/10/5, 6, 3, 20, 3, 
2020/10/6, 7, 7, 20, 7, 
2020/10/7, 17, 10, 19, 10, 
2020/10/8, 25, 11, 16, 8, 
2020/10/9, 31, 9, 21, 5, 
2020/10/10, 27, 5, 19, 3, 
2020/10/11, 15, 7, 19, 5, 
2020/10/12, 23, 11, 11, 9, 
2020/10/13, 34, 8, 11, 8, 
2020/10/14, 27, 9, 12, 5, 
2020/10/15, 34, 7, 7, 5, 
2020/10/16, 27, 14, 8, 5, 
2020/10/17, 50, 10, 22, 4, 
2020/10/18, 35, 13, 31, 6, 
2020/10/19, 42, 6, 32, 1, 
2020/10/20, 14, 16, 34, 1, 
2020/10/21, 26, 34, 34, 1, 
2020/10/22, 48, 7, 31, 6, 
2020/10/23, 18, 5, 19, 5, 
2020/10/24, 14, 6, 26, 3, 
2020/10/25, 17, 4, 21, 6, 
2020/10/26, 10, 5, 21, 6, 
2020/10/27, 11, 3, 22, 6, 
2020/10/28, 7, 8, 21, 8, 
2020/10/29, 19, 13, 11, 10, 
2020/10/30, 38, 15, 11, 11, 
2020/10/31, 45, 13, 14, 9, 
2020/11/1, 42, 13, 12, 10, 
2020/11/2, 32, 7, 23, 6, 
2020/11/3, 19, 9, 18, 4, 
2020/11/4, 27, 14, 13, 6, 
2020/11/5, 47, 13, 24, 7, 
2020/11/6, 44, 10, 25, 1, 
2020/11/7, 23, 5, 26, 4, 
2020/11/8, 16, 11, 17, 10, 
2020/11/9, 34, 16, 12, 11, 
2020/11/10, 46, 18, 15, 5, 
2020/11/11, 59, 14, 11, 11, 
2020/11/12, 40, 13, 19, 9, 
2020/11/13, 42, 9, 25, 7, 
2020/11/14, 27, 6, 26, , 
2020/11/15, 17, 9, 20, 7, 
2020/11/16, 19, 13, 15, 12, 
2020/11/17, 36, 10, 20, 13, 
2020/11/18, 29, 10, 22, 7, 
2020/11/19, 26, 7, 20, 5, 
2020/11/20, 21, 12, 17, 10, 
2020/11/21, 44, 18, 12, 13, 
2020/11/22, 62, 17, 10, 16, 
2020/11/23, 54, 23, 22, 15, 
2020/11/24, 70, 8, 26, 5, 
2020/11/25, 28, 15, 18, 13, 
2020/11/26, 48, 16, 18, 16, 
2020/11/27, 54, 18, 10, 15, 
2020/11/28, 59, 23, 5, 9, 
2020/11/29, 76, 24, 7, 10, 
2020/11/30, 74, 16, 11, 13, 
2020/12/1, 54, 7, 14, 9, 
2020/12/2, 25, 6, 23, 6, 
2020/12/3, 25, 5, 25, 7, 
2020/12/4, 17, 6, 17, 9, 
2020/12/5, 23, 8, 12, 9, 
2020/12/6, 32, 4, 21, 6, 
2020/12/7, 17, 3, 23, 4, 
2020/12/8, 10, 16, 12, 9, 
2020/12/9, 57, 19, 7, 17, 
2020/12/10, 60, 3, 23, 4, 
2020/12/11, 10, 4, 19, 7, 
2020/12/12, 12, 8, 13, 9, 
2020/12/13, 28, 8, 25, 13, 
2020/12/14, 26, 3, 25, 6, 
2020/12/15, 9, 6, 24, 7, 
2020/12/16, 20, 9, 22, 15, 
2020/12/17, 31, 8, 22, 11, 
2020/12/18, 28, 5, 24, 2, 
2020/12/19, 15, 5, 21, 7, 
2020/12/20, 19, 6, 17, 8, 
2020/12/21, 21, 6, 15, 11, 
2020/12/22, 19, 5, 19, 12, 
2020/12/23, 18, 3, 22, 4, 
2020/12/24, 8, 3, 20, 3, 
2020/12/25, 13, 7, 20, 5, 
2020/12/26, 27, 5, 29, 4, 
2020/12/27, 17, 2, 27, 2, 
2020/12/28, 4, 3, 25, 5, 
2020/12/29, 9, 6, 24, 8, 
2020/12/30, 20, 2, 25, 3, 
2020/12/31, 9, 7, 20, 5, 
2021/1/1, 31, 14, 16, 5, 
2021/1/2, 54, 12, 16, 5, 
2021/1/3, 50, 16, 10, 10, 
2020/7/1, 20, 8, 25, 2, 
2020/7/2, 17, 9, 31, 2, 
2020/7/3, 14, 7, 34, 2, 
2020/7/4, 14, 7, 23, 2, 
2020/7/5, 12, 8, 29, 2, 
2020/7/6, 15, 14, 33, 3, 
2020/7/7, 23, 15, 46, 4, 
2020/7/8, 21, 16, 43, 5, 
2020/7/9, 23, 19, 46, 4, 
2020/7/10, 30, 7, 38, 1, 
2020/7/11, 12, 6, 44, 2, 
2020/7/12, 13, 9, 45, 3, 
2020/7/13, 17, 14, 50, 2, 
2020/7/14, 28, 17, 30, 6, 
2020/7/15, 33, 8, 27, 2, 
2020/7/16, 18, 9, 20, 2, 
2020/7/17, 19, 8, 44, 3, 
2020/7/18, 18, 9, 49, 3, 
2020/7/19, 24, 14, 48, 4, 
2020/7/20, 31, 20, 54, 5, 
2020/7/21, 46, 19, 31, 6, 
2020/7/22, 46, 21, 49, 4, 
2020/7/23, 48, 18, 46, 4, 
2020/7/24, 33, 13, 39, 3, 
2020/7/25, 24, 9, 27, 2, 
2020/7/26, 16, 11, 40, 3, 
2020/7/27, 18, 16, 41, 3, 
2020/7/28, 35, 11, 48, 3, 
2020/7/29, 16, 18, 62, 5, 
2020/7/30, 33, 20, 47, 5, 
2020/7/31, 44, 20, 55, 4, 
2020/8/1, 46, 9, 29, 3, 
2020/8/2, 27, 7, 29, 2, 
2020/8/3, 13, 8, 36, 2, 
2020/8/4, 14, 9, 44, 4, 
2020/8/5, 18, 11, 56, 4, 
2020/8/6, 20, 14, 66, 5, 
2020/8/7, 25, 14, 73, 4, 
2020/8/8, 34, 12, 51, 4, 
2020/8/9, 29, 17, 42, 4, 
2020/8/10, 36, 13, 57, 4, 
2020/8/11, 27, 17, 46, 4, 
2020/8/12, 40, 13, 41, 4, 
2020/8/13, 35, 9, 40, 4, 
2020/8/14, 24, 6, 47, 4, 
2020/8/15, 16, 6, 43, 4, 
2020/8/16, 19, 8, 29, 3, 
2020/8/17, 19, 6, 34, 4, 
2020/8/18, 13, 7, 40, 4, 
2020/8/19, 14, 9, 38, 4, 
2020/8/20, 18, 8, 37, 1, 
2020/8/21, 12, 6, 32, 2, 
2020/8/22, 14, 5, 33, 2, 
2020/8/23, 13, 6, 35, 4, 
2020/8/24, 11, 7, 37, 5, 
2020/8/25, 11, 8, 31, 5, 
2020/8/26, 13, 9, 35, 4, 
2020/8/27, 16, 4, 23, 3, 
2020/8/28, 9, 6, 27, 3, 
2020/8/29, 13, 4, 28, 2, 
2020/8/30, 10, 4, 28, 3, 
2020/8/31, 9, 9, 36, 5, 
2020/9/1, 16, 8, 38, 5, 
2020/9/2, 18, 10, 49, 6, 
2020/9/3, 21, 12, 56, 7, 
2020/9/4, 24, 9, 52, 3, 
2020/9/5, 21, 9, 35, 2, 
2020/9/6, 20, 10, 37, 3, 
2020/9/7, 17, 12, 45, 6, 
2020/9/8, 22, 16, 34, 10, 
2020/9/9, 34, 17, 45, 7, 
2020/9/10, 30, 14, 37, 6, 
2020/9/11, 21, 12, 43, 6, 
2020/9/12, 22, 13, 53, 5, 
2020/9/13, 27, 17, 47, 8, 
2020/9/14, 44, 22, 51, 4, 
2020/9/15, 53, 24, 44, 10, 
2020/9/16, 57, 20, 60, 7, 
2020/9/17, 51, 23, 49, 7, 
2020/9/18, 57, 15, 46, 3, 
2020/9/19, 47, 10, 32, 4, 
2020/9/20, 30, 12, 24, 7, 
2020/9/21, 30, 11, 17, 7, 
2020/9/22, 27, 10, 29, 6, 
2020/9/23, 30, 5, 32, 3, 
2020/9/24, 13, 3, 28, 2, 
2020/9/25, 6, 5, 23, 3, 
2020/9/26, 12, 4, 16, 5, 
2020/9/27, 14, 3, 14, 7, 
2020/9/28, 9, 9, 22, 6, 
2020/9/29, 27, 13, 22, 9, 
2020/9/30, 41, 12, 20, 12, 
2020/4/1, 53, 16, 40, 5, 
2020/4/2, 53, 20, 34, 5, 
2020/4/3, 61, 13, 39, 5, 
2020/4/4, 45, 11, 45, 4, 
2020/4/5, 37, 16, 44, 2, 
2020/4/6, 50, 19, 45, 4, 
2020/4/7, 55, 19, 46, 4, 
2020/4/8, 55, 17, 50, 4, 
2020/4/9, 48, 18, 53, 4, 
2020/4/10, 52, 15, 49, 3, 
2020/4/11, 44, 13, 42, 1, 
2020/4/12, 42, 13, 42, 2, 
2020/4/13, 45, 17, 35, 2, 
2020/4/14, 40, 15, 42, 3, 
2020/4/15, 33, 17, 41, 2, 
2020/4/16, 37, 16, 39, 2, 
2020/4/17, 29, 11, 34, 2, 
2020/4/18, 25, 11, 21, 3, 
2020/4/19, 38, 13, 28, 3, 
2020/4/20, 45, 17, 35, 3, 
2020/4/21, 49, 16, 32, 3, 
2020/4/22, 43, 15, 40, 3, 
2020/4/23, 45, 18, 48, 3, 
2020/4/24, 48, 15, 35, 3, 
2020/4/25, 44, 10, 34, 2, 
2020/4/26, 34, 9, 35, 3, 
2020/4/27, 25, 5, 30, 2, 
2020/4/28, 12, 4, 33, 1, 
2020/4/29, 9, 4, 29, 2, 
2020/4/30, 8, 4, 31, 2, 
2020/5/1, 10, 3, 21, 2, 
2020/5/2, 7, 2, 31, , 
2020/5/3, 6, 7, 29, 2, 
2020/5/4, 14, 8, 31, 1, 
2020/5/5, 17, 7, 32, 2, 
2020/5/6, 21, 11, 40, 3, 
2020/5/7, 30, 7, 40, , 
2020/5/8, 18, 8, 40, 2, 
2020/5/9, 21, 13, 36, , 
2020/5/10, 29, 3, 36, 1, 
2020/5/11, 5, 7, 19, 3, 
2020/5/12, 27, 13, 17, 7, 
2020/5/13, 45, 12, 20, 5, 
2020/5/14, 45, 19, 21, 5, 
2020/5/15, 59, 17, 35, 4, 
2020/5/16, 57, 11, 40, 2, 
2020/5/17, 32, 10, 41, 3, 
2020/5/18, 26, 13, 39, 2, 
2020/5/19, 24, 12, 44, 3, 
2020/5/20, 18, 11, 44, 3, 
2020/5/21, 28, 15, 43, 4, 
2020/5/22, 35, 10, 25, 3, 
2020/5/23, 30, 7, 30, 2, 
2020/5/24, 19, 9, 34, 3, 
2020/5/25, 19, 10, 40, 3, 
2020/5/26, 22, 12, 46, 4, 
2020/5/27, 23, 13, 50, 4, 
2020/5/28, 26, 15, 43, 4, 
2020/5/29, 30, 11, 49, 3, 
2020/5/30, 21, 12, 46, 2, 
2020/5/31, 31, 13, 39, 3, 
2020/6/1, 33, 16, 44, 4, 
2020/6/2, 38, 12, 34, 4, 
2020/6/3, 31, 8, 36, 3, 
2020/6/4, 21, 5, 30, 2, 
2020/6/5, 14, 3, 20, 1, 
2020/6/6, 5, 6, 32, 1, 
2020/6/7, 13, 8, 29, 3, 
2020/6/8, 17, 8, 26, 3, 
2020/6/9, 24, 14, 33, 3, 
2020/6/10, 41, 12, 34, 4, 
2020/6/11, 31, 6, 35, 5, 
2020/6/12, 15, 6, 24, 4, 
2020/6/13, 17, 6, 30, 2, 
2020/6/14, 14, 6, 33, 3, 
2020/6/15, 15, 8, 32, 4, 
2020/6/16, 20, 4, 27, 2, 
2020/6/17, 9, 4, 30, 2, 
2020/6/18, 9, 6, 32, 2, 
2020/6/19, 12, 5, 31, 2, 
2020/6/20, 10, 8, 30, 2, 
2020/6/21, 20, 8, 29, 1, 
2020/6/22, 15, 12, 49, 4, 
2020/6/23, 23, 14, 47, 4, 
2020/6/24, 34, 14, 47, 3, 
2020/6/25, 34, 15, 39, 4, 
2020/6/26, 40, 10, 42, 2, 
2020/6/27, 26, 10, 25, 2, 
2020/6/28, 30, 8, 32, 2, 
2020/6/29, 13, 10, 43, 3, 
2020/6/30, 16, 11, 27, 4, 
2020/1/1, 63, 22, 4, 19, 
2020/1/2, 69, 18, 7, 20, 
2020/1/3, 56, 7, 17, 9, 
2020/1/4, 29, 12, 19, 9, 
2020/1/5, 41, 17, 4, 23, 
2020/1/6, 53, 20, 5, 19, 
2020/1/7, 64, 13, 8, 17, 
2020/1/8, 46, 5, 28, 10, 
2020/1/9, 16, 4, 25, 6, 
2020/1/10, 11, 10, 16, 6, 
2020/1/11, 41, 14, 12, 11, 
2020/1/12, 53, 17, 23, 16, 
2020/1/13, 54, 7, 25, 3, 
2020/1/14, 21, 7, 26, 4, 
2020/1/15, 18, 10, 26, 12, 
2020/1/16, 29, 5, 26, 7, 
2020/1/17, 14, 10, 17, 14, 
2020/1/18, 31, 9, 20, 7, 
2020/1/19, 34, 14, 15, 13, 
2020/1/20, 48, 29, 5, 21, 
2020/1/21, 81, 41, 2, 24, 
2020/1/22, 108, 48, 2, 26, 
2020/1/23, 122, 39, 10, 26, 
2020/1/24, 100, 15, 23, 12, 
2020/1/25, 44, 12, 20, 9, 
2020/1/26, 32, 24, 20, 11, 
2020/1/27, 42, 3, 23, 5, 
2020/1/28, 8, 5, 20, 10, 
2020/1/29, 15, 10, 8, 17, 
2020/1/30, 34, 4, 14, 10, 
2020/1/31, 11, 3, 18, 5, 
2020/2/1, 9, 2, 19, 3, 
2020/2/2, 6, 34, 17, 8, 
2020/2/3, 45, 14, 23, 3, 
2020/2/4, 20, 8, 20, 6, 
2020/2/5, 25, 17, 11, 17, 
2020/2/6, 53, 19, 20, 24, 
2020/2/7, 57, 13, 31, 10, 
2020/2/8, 41, 9, 33, 2, 
2020/2/9, 28, 10, 33, 2, 
2020/2/10, 24, 8, 33, 5, 
2020/2/11, 22, 10, 28, 11, 
2020/2/12, 26, 8, 34, 9, 
2020/2/13, 24, 6, 27, 8, 
2020/2/14, 16, 9, 31, 9, 
2020/2/15, 30, 4, 32, 7, 
2020/2/16, 12, 3, 31, 5, 
2020/2/17, 10, 7, 28, 10, 
2020/2/18, 18, 10, 24, 13, 
2020/2/19, 29, 10, 18, 16, 
2020/2/20, 34, 14, 28, 9, 
2020/2/21, 40, 13, 21, 14, 
2020/2/22, 44, 11, 27, 13, 
2020/2/23, 40, 11, 19, 14, 
2020/2/24, 33, 8, 35, 6, 
2020/2/25, 19, 6, 33, 6, 
2020/2/26, 15, 5, 29, 4, 
2020/2/27, 13, 8, 25, 10, 
2020/2/28, 20, 8, 34, 2, 
2020/2/29, 15, 3, 32, 2, 
2020/3/1, 8, 2, 34, 3, 
2020/3/2, 7, 6, 28, 7, 
2020/3/3, 18, 6, 27, 7, 
2020/3/4, 19, 2, 32, 2, 
2020/3/5, 4, 5, 31, 5, 
2020/3/6, 15, 7, 28, 6, 
2020/3/7, 25, 7, 27, 7, 
2020/3/8, 25, 5, 28, 8, 
2020/3/9, 15, 8, 22, 12, 
2020/3/10, 28, 7, 22, 8, 
2020/3/11, 17, 15, 12, 11, 
2020/3/12, 38, 7, 29, 4, 
2020/3/13, 19, 9, 32, 6, 
2020/3/14, 28, 8, 37, 5, 
2020/3/15, 28, 6, 37, 3, 
2020/3/16, 19, 14, 34, 7, 
2020/3/17, 41, 19, 35, 5, 
2020/3/18, 51, 21, 38, 5, 
2020/3/19, 55, 15, 42, 4, 
2020/3/20, 50, 21, 42, 2, 
2020/3/21, 59, 24, 17, 4, 
2020/3/22, 72, 19, 25, 3, 
2020/3/23, 59, 18, 33, 4, 
2020/3/24, 56, 17, 33, 5, 
2020/3/25, 57, 13, 36, 4, 
2020/3/26, 46, 26, 33, 6, 
2020/3/27, 76, 26, 36, 4, 
2020/3/28, 75, 32, 28, 4, 
2020/3/29, 76, , , , 
2019/10/1, 14, 4, 23, 3, 
2019/10/2, 9, 8, 29, 6, 
2019/10/3, 18, 10, 19, 10, 
2019/10/4, 19, 7, 21, 5, 
2019/10/5, 20, 4, 21, 3, 
2019/10/6, 13, 8, 25, 4, 
2019/10/7, 20, 11, 17, 11, 
2019/10/8, 24, 5, 21, 5, 
2019/10/9, 12, 7, 23, 7, 
2019/10/10, 15, 8, 29, 7, 
2019/10/11, 20, 7, 29, 4, 
2019/10/12, 17, 10, 32, 1, 
2019/10/13, 24, 16, 31, 1, 
2019/10/14, 36, 6, 30, 6, 
2019/10/15, 14, 6, 25, 6, 
2019/10/16, 14, 6, 30, 5, 
2019/10/17, 18, 7, 25, 11, 
2019/10/18, 21, 11, 30, 6, 
2019/10/19, 36, 7, 36, 2, 
2019/10/20, 21, 6, 18, 11, 
2019/10/21, 14, 8, 16, 8, 
2019/10/22, 30, 13, 10, 8, 
2019/10/23, 43, 9, 29, 8, 
2019/10/24, 19, 7, 21, 8, 
2019/10/25, 15, 10, 29, 7, 
2019/10/26, 26, 15, 26, 9, 
2019/10/27, 44, 23, 9, 12, 
2019/10/28, 61, 18, 10, 8, 
2019/10/29, 56, 16, 6, 9, 
2019/10/30, 50, 12, 11, 11, 
2019/10/31, 40, 6, 19, 6, 
2019/11/1, 16, 2, 25, 2, 
2019/11/2, 5, 2, 28, 2, 
2019/11/3, 4, 2, 26, 3, 
2019/11/4, 5, 4, 25, 4, 
2019/11/5, 7, 5, 20, 8, 
2019/11/6, 13, 5, 22, 6, 
2019/11/7, 12, 6, 20, 12, 
2019/11/8, 18, 9, 17, 7, 
2019/11/9, 33, 4, 23, 6, 
2019/11/10, 13, 7, 22, 7, 
2019/11/11, 24, 9, 21, 14, 
2019/11/12, 25, 10, 23, 10, 
2019/11/13, 31, 6, 25, 16, 
2019/11/14, 21, 11, 13, 21, 
2019/11/15, 40, 8, 22, 11, 
2019/11/16, 31, 11, 13, 13, 
2019/11/17, 42, 12, 16, 12, 
2019/11/18, 46, 10, 16, 10, 
2019/11/19, 40, 15, 10, 14, 
2019/11/20, 50, 15, 26, 13, 
2019/11/21, 45, 3, 28, 8, 
2019/11/22, 9, 3, 28, 6, 
2019/11/23, 11, 8, 19, 10, 
2019/11/24, 31, 12, 7, 15, 
2019/11/25, 39, 13, 9, 17, 
2019/11/26, 40, 3, 26, 4, 
2019/11/27, 8, 3, 27, 6, 
2019/11/28, 7, 4, 23, 11, 
2019/11/29, 10, 10, 12, 11, 
2019/11/30, 37, 12, 13, 13, 
2019/12/1, 45, 10, 13, 8, 
2019/12/2, 38, 19, 14, 10, 
2019/12/3, 63, 20, 6, 13, 
2019/12/4, 65, 24, 2, 17, 
2019/12/5, 70, 20, 5, 22, 
2019/12/6, 55, 16, 15, 15, 
2019/12/7, 49, 7, 21, 9, 
2019/12/8, 22, 4, 23, 6, 
2019/12/9, 12, 11, 19, 13, 
2019/12/10, 33, 11, 17, 17, 
2019/12/11, 31, 5, 24, 9, 
2019/12/12, 13, 4, 25, 6, 
2019/12/13, 11, 4, 21, 10, 
2019/12/14, 15, 2, 24, 3, 
2019/12/15, 7, 5, 26, 1, 
2019/12/16, 14, 25, 27, 2, 
2019/12/17, 37, 30, 23, 4, 
2019/12/18, 47, 8, 28, 2, 
2019/12/19, 19, 4, 27, 4, 
2019/12/20, 6, 2, 25, 6, 
2019/12/21, 7, 2, 28, 3, 
2019/12/22, 7, 7, 23, 10, 
2019/12/23, 19, 6, 15, 12, 
2019/12/24, 19, 9, 20, 12, 
2019/12/25, 29, 13, 7, 16, 
2019/12/26, 46, 7, 18, 10, 
2019/12/27, 25, 9, 15, 7, 
2019/12/28, 35, 17, 13, 8, 
2019/12/29, 63, , , , 
2019/7/1, 51, 16, 42, 4, 
2019/7/2, 38, 16, 58, 5, 
2019/7/3, 38, 20, 55, 6, 
2019/7/4, 48, 22, 61, 6, 
2019/7/5, 55, 21, 44, 4, 
2019/7/6, 57, 16, 47, 3, 
2019/7/7, 46, 15, 49, 5, 
2019/7/8, 42, 12, 45, 4, 
2019/7/9, 32, 10, 42, 4, 
2019/7/10, 16, 14, 37, 7, 
2019/7/11, 22, 11, 39, 5, 
2019/7/12, 23, 12, 25, 3, 
2019/7/13, 26, , , , 
2019/7/15, 30, 18, 50, 4, 
2019/7/16, 30, 18, 55, 4, 
2019/7/17, 33, 20, 57, 5, 
2019/7/18, 36, 18, 59, 4, 
2019/7/19, 36, 13, 46, 2, 
2019/7/20, 35, 14, 50, 2, 
2019/7/21, 43, 15, 67, 4, 
2019/7/22, 39, 23, 76, 5, 
2019/7/23, 54, 39, 64, 5, 
2019/7/24, 65, 29, 57, 5, 
2019/7/25, 60, 26, 45, 4, 
2019/7/26, 48, 6, 36, 2, 
2019/7/27, 19, 6, 31, , 
2019/7/28, 16, 8, 43, 4, 
2019/7/29, 21, 10, 33, 4, 
2019/7/30, 25, 9, 35, 3, 
2019/7/31, 20, 11, 41, 4, 
2019/8/1, 21, 12, 43, 4, 
2019/8/2, 22, 13, 49, 2, 
2019/8/3, 26, 10, 59, 2, 
2019/8/4, 25, 15, 55, 5, 
2019/8/5, 38, 17, 45, 4, 
2019/8/6, 45, 10, 30, 3, 
2019/8/7, 28, 9, 46, 3, 
2019/8/8, 22, 11, 38, 3, 
2019/8/9, 30, 7, 37, 2, 
2019/8/10, 18, 9, 29, 2, 
2019/8/11, 22, 5, 34, 2, 
2019/8/12, 14, 5, 35, 1, 
2019/8/13, 12, 7, 36, 3, 
2019/8/14, 16, 6, 28, 2, 
2019/8/15, 15, 7, 37, 3, 
2019/8/16, 17, 9, 39, 3, 
2019/8/17, 20, 10, 35, , 
2019/8/18, 27, 6, 20, 3, 
2019/8/19, 19, 7, 21, 4, 
2019/8/20, 19, 7, 33, 3, 
2019/8/21, 19, 9, 38, 3, 
2019/8/22, 20, 11, 45, 4, 
2019/8/23, 30, 12, 52, 4, 
2019/8/24, 36, 13, 58, 3, 
2019/8/25, 41, 13, 54, 5, 
2019/8/26, 37, 17, 30, 9, 
2019/8/27, 47, 19, 44, 6, 
2019/8/28, 53, 18, 41, 4, 
2019/8/29, 53, 19, 49, 5, 
2019/8/30, 51, 12, 44, 4, 
2019/8/31, 36, 10, 26, 2, 
2019/9/1, 26, 7, 32, 3, 
2019/9/2, 16, 10, 41, 6, 
2019/9/3, 18, 12, 44, 6, 
2019/9/4, 23, 9, 28, 2, 
2019/9/5, 17, 15, 29, 4, 
2019/9/6, 22, 9, 32, 4, 
2019/9/7, 15, 5, 26, 2, 
2019/9/8, 14, 7, 31, 5, 
2019/9/9, 15, 13, 29, 8, 
2019/9/10, 23, 11, 37, 8, 
2019/9/11, 22, 17, 45, 7, 
2019/9/12, 28, 14, 39, 8, 
2019/9/13, 25, 10, 40, 6, 
2019/9/14, 21, 12, 50, 6, 
2019/9/15, 33, 20, 50, 7, 
2019/9/16, 37, 20, 52, 7, 
2019/9/17, 37, 15, 36, 5, 
2019/9/18, 25, 17, 34, 6, 
2019/9/19, 28, 17, 36, 7, 
2019/9/20, 28, 15, 36, 2, 
2019/9/21, 31, 8, 34, 1, 
2019/9/22, 17, 6, 24, 5, 
2019/9/23, 13, 6, 18, 6, 
2019/9/24, 15, 6, 21, 5, 
2019/9/25, 14, 4, 22, 5, 
2019/9/26, 8, 8, 29, 4, 
2019/9/27, 20, 6, 28, 3, 
2019/9/28, 15, 6, 33, 4, 
2019/9/29, 15, 5, 27, 5, 
2019/9/30, 10, 9, 24, 7, 
2019/4/1, 43, 18, 42, 9, 
2019/4/2, 37, 6, 38, 5, 
2019/4/3, 21, 4, 35, 6, 
2019/4/4, 12, 9, 40, 8, 
2019/4/5, 28, 4, 43, 2, 
2019/4/6, 10, 4, 37, 4, 
2019/4/7, 14, 10, 32, 8, 
2019/4/8, 30, 12, 38, 7, 
2019/4/9, 34, 10, 35, 7, 
2019/4/10, 35, 29, 36, 5, 
2019/4/11, 84, 23, 42, 5, 
2019/4/12, 66, 26, 38, 6, 
2019/4/13, 75, 18, 38, 5, 
2019/4/14, 62, 18, 46, 8, 
2019/4/15, 52, 4, 42, 4, 
2019/4/16, 14, 7, 41, 5, 
2019/4/17, 21, 12, 29, 7, 
2019/4/18, 35, 18, 52, 9, 
2019/4/19, 49, 14, 46, 5, 
2019/4/20, 43, 14, 42, 6, 
2019/4/21, 37, 22, 40, 5, 
2019/4/22, 43, 23, 36, 3, 
2019/4/23, 34, 9, 41, 1, 
2019/4/24, 20, 6, 38, 2, 
2019/4/25, 10, 4, 32, 5, 
2019/4/26, 9, 4, 29, 3, 
2019/4/27, 11, 6, 33, 3, 
2019/4/28, 18, 6, 28, 3, 
2019/4/29, 19, 11, 31, 7, 
2019/4/30, 35, 16, 41, 3, 
2019/5/1, 51, 12, 33, 5, 
2019/5/2, 37, 10, 29, 4, 
2019/5/3, 35, 6, 29, 3, 
2019/5/4, 21, 6, 27, 2, 
2019/5/5, 19, 9, 33, 4, 
2019/5/6, 31, 11, 35, 7, 
2019/5/7, 34, 4, 37, 1, 
2019/5/8, 9, 4, 30, 2, 
2019/5/9, 10, 4, 28, 4, 
2019/5/10, 11, 3, 29, 2, 
2019/5/11, 8, 8, 35, 1, 
2019/5/12, 28, 10, 36, 3, 
2019/5/13, 19, 11, 39, 4, 
2019/5/14, 20, 10, 40, 3, 
2019/5/15, 19, 13, 42, 6, 
2019/5/16, 30, 10, 42, 8, 
2019/5/17, 30, 7, 33, 4, 
2019/5/18, 25, 6, 32, 3, 
2019/5/19, 23, 12, 34, 4, 
2019/5/20, 47, 15, 40, 4, 
2019/5/21, 52, 12, 42, 5, 
2019/5/22, 37, 10, 52, 5, 
2019/5/23, 25, 11, 43, 4, 
2019/5/24, 24, 11, 42, 2, 
2019/5/25, 35, 8, 35, 1, 
2019/5/26, 19, 8, 26, 2, 
2019/5/27, 19, 6, 26, 2, 
2019/5/28, 14, 6, 31, 2, 
2019/5/29, 14, 7, 29, 3, 
2019/5/30, 16, 11, 40, 4, 
2019/5/31, 24, 11, 48, 3, 
2019/6/1, 27, 12, 43, 3, 
2019/6/2, 33, 13, 50, 4, 
2019/6/3, 29, 15, 43, 5, 
2019/6/4, 25, 12, 44, 4, 
2019/6/5, 19, 5, 37, 3, 
2019/6/6, 11, 8, 39, 1, 
2019/6/7, 11, 8, 39, 1, 
2019/6/8, 15, 10, 25, 6, 
2019/6/9, 26, 11, 21, 5, 
2019/6/10, 31, 7, 20, 5, 
2019/6/11, 21, 4, 30, 2, 
2019/6/12, 8, 6, 41, 3, 
2019/6/13, 12, 11, 39, 9, 
2019/6/14, 27, 6, 36, 2, 
2019/6/15, 19, 8, 32, 2, 
2019/6/16, 21, 9, 45, 4, 
2019/6/17, 21, 10, 43, 4, 
2019/6/18, 25, 9, 44, 5, 
2019/6/19, 19, 10, 34, 5, 
2019/6/20, 29, 8, 23, 5, 
2019/6/21, 21, 7, 35, 2, 
2019/6/22, 17, 9, 41, 3, 
2019/6/23, 26, 11, 41, 5, 
2019/6/24, 31, 18, 45, 6, 
2019/6/25, 36, 26, 53, 8, 
2019/6/26, 50, 48, 80, 10, 
2019/6/27, 69, 43, 65, 6, 
2019/6/28, 73, 16, 82, 5, 
2019/6/29, 39, 31, 60, 4, 
2019/6/30, 65, 26, 67, 5, 
2019/1/1, 22, 8, 25, 7, 
2019/1/2, 26, 13, 21, 8, 
2019/1/3, 41, 16, 21, 9, 
2019/1/4, 55, 19, 17, 9, 
2019/1/5, 66, 15, 15, 8, 
2019/1/6, 58, 13, 18, 11, 
2019/1/7, 49, 14, 19, 15, 
2019/1/8, 48, 9, 22, 8, 
2019/1/9, 33, 11, 21, 9, 
2019/1/10, 42, 14, 17, 9, 
2019/1/11, 53, 16, 11, 16, 
2019/1/12, 59, 8, 16, 15, 
2019/1/13, 30, 6, 22, 10, 
2019/1/14, 18, 14, 21, 14, 
2019/1/15, 47, 13, 28, 15, 
2019/1/16, 42, 10, 27, 13, 
2019/1/17, 32, 12, 22, 14, 
2019/1/18, 42, 18, 17, 18, 
2019/1/19, 59, 12, 24, 15, 
2019/1/20, 47, 12, 17, 9, 
2019/1/21, 47, 17, 20, 13, 
2019/1/22, 59, 9, 25, 13, 
2019/1/23, 31, 14, 22, 10, 
2019/1/24, 55, 21, 24, 15, 
2019/1/25, 70, 24, 14, 21, 
2019/1/26, 78, 2, 31, 4, 
2019/1/27, 7, 10, 25, 14, 
2019/1/28, 27, 8, 31, 11, 
2019/1/29, 23, 5, 31, 7, 
2019/1/30, 11, 4, 31, 10, 
2019/1/31, 13, 7, 30, 13, 
2019/2/1, 26, 7, 21, 11, 
2019/2/2, 30, 8, 21, 5, 
2019/2/3, 34, 12, 20, 12, 
2019/2/4, 50, 12, 19, 22, 
2019/2/5, 46, 14, 20, 22, 
2019/2/6, 53, 11, 16, 22, 
2019/2/7, 40, 14, 14, 25, 
2019/2/8, 49, 4, 33, 10, 
2019/2/9, 14, 4, 34, 3, 
2019/2/10, 13, 7, 29, 9, 
2019/2/11, 18, 10, 25, 10, 
2019/2/12, 38, 18, 18, 18, 
2019/2/13, 57, 20, 22, 23, 
2019/2/14, 59, 22, 22, 25, 
2019/2/15, 59, 15, 22, 23, 
2019/2/16, 44, 10, 37, 17, 
2019/2/17, 31, 10, 37, 10, 
2019/2/18, 29, 17, 30, 14, 
2019/2/19, 51, 24, 27, 16, 
2019/2/20, 64, 32, 26, 17, 
2019/2/21, 70, 35, 28, 18, 
2019/2/22, 81, 24, 26, 9, 
2019/2/23, 75, 30, 27, 13, 
2019/2/24, 86, 36, 22, 18, 
2019/2/25, 90, 37, 22, 19, 
2019/2/26, 90, 33, 27, 19, 
2019/2/27, 83, 21, 35, 13, 
2019/2/28, 52, 14, 33, 9, 
2019/3/1, 35, 11, 27, 11, 
2019/3/2, 36, 9, 31, 9, 
2019/3/3, 32, 7, 38, 4, 
2019/3/4, 14, 7, 34, 5, 
2019/3/5, 14, 14, 38, 2, 
2019/3/6, 25, 3, 36, 4, 
2019/3/7, 7, 9, 30, 11, 
2019/3/8, 24, 5, 29, 7, 
2019/3/9, 15, 3, 29, 2, 
2019/3/10, 7, 9, 34, 6, 
2019/3/11, 24, 12, 38, 10, 
2019/3/12, 33, 6, 40, 6, 
2019/3/13, 15, 4, 35, 5, 
2019/3/14, 12, 3, 30, 7, 
2019/3/15, 8, 6, 25, 11, 
2019/3/16, 20, 5, 35, 6, 
2019/3/17, 17, 5, 32, 5, 
2019/3/18, 15, 9, 30, 7, 
2019/3/19, 29, 12, 35, 10, 
2019/3/20, 37, 18, 35, 11, 
2019/3/21, 56, 22, 37, 13, 
2019/3/22, 61, 19, 44, 11, 
2019/3/23, 57, 23, 43, 7, 
2019/3/24, 68, 34, 34, 5, 
2019/3/25, 91, 14, 36, 5, 
2019/3/26, 32, 16, 36, 5, 
2019/3/27, 48, 16, 33, 9, 
2019/3/28, 50, 18, 39, 10, 
2019/3/29, 49, 11, 44, 8, 
2019/3/30, 34, 12, 46, 6, 
2019/3/31, 37, 18, 46, 9, 
2018/10/1, 30, 10, 27, 5, 
2018/10/2, 22, 12, 23, 8, 
2018/10/3, 33, 11, 20, 9, 
2018/10/4, 34, 12, 34, 12, 
2018/10/5, 28, 9, 37, 5, 
2018/10/6, 24, 3, 36, 3, 
2018/10/7, 12, 13, 23, 9, 
2018/10/8, 43, 25, 17, 11, 
2018/10/9, 72, 16, 34, 9, 
2018/10/10, 46, 6, 33, 3, 
2018/10/11, 17, 10, 28, 5, 
2018/10/12, 24, 10, 37, 6, 
2018/10/13, 26, 16, 40, 1, 
2018/10/14, 40, 19, 40, 11, 
2018/10/15, 50, 26, 30, 16, 
2018/10/16, 60, 24, 39, 12, 
2018/10/17, 62, 29, 34, 16, 
2018/10/18, 68, 36, 31, 16, 
2018/10/19, 76, 38, 32, 11, 
2018/10/20, 93, 38, 26, 11, 
2018/10/21, 101, 22, 27, 12, 
2018/10/22, 58, 24, 21, 10, 
2018/10/23, 61, 22, 24, 10, 
2018/10/24, 51, 13, 15, 9, 
2018/10/25, 39, 19, 12, 14, 
2018/10/26, 52, 11, 18, 7, 
2018/10/27, 37, 9, 15, 7, 
2018/10/28, 35, 5, 8, 10, 
2018/10/29, 21, 3, 20, 9, 
2018/10/30, 15, 3, 35, 6, 
2018/10/31, 8, 3, 32, 8, 
2018/11/1, 11, 9, 17, 10, 
2018/11/2, 34, 15, 17, 7, 
2018/11/3, 52, 18, 12, 11, 
2018/11/4, 59, 19, 20, 15, 
2018/11/5, 57, 3, 32, 8, 
2018/11/6, 10, 3, 29, 6, 
2018/11/7, 9, 10, 17, 14, 
2018/11/8, 32, 5, 29, 10, 
2018/11/9, 17, 3, 32, 2, 
2018/11/10, 8, 4, 29, 2, 
2018/11/11, 9, 4, 30, 2, 
2018/11/12, 12, 7, 30, 12, 
2018/11/13, 23, 14, 18, 11, 
2018/11/14, 48, 18, 19, 11, 
2018/11/15, 60, 21, 6, 14, 
2018/11/16, 65, 10, 13, 8, 
2018/11/17, 40, 18, 13, 8, 
2018/11/18, 63, 25, 11, 11, 
2018/11/19, 79, 17, 20, 11, 
2018/11/20, 54, 17, 7, 13, 
2018/11/21, 55, 19, 5, 16, 
2018/11/22, 62, 13, 5, 19, 
2018/11/23, 50, 8, 18, 14, 
2018/11/24, 29, 9, 20, 14, 
2018/11/25, 34, 7, 14, 11, 
2018/11/26, 26, 14, 12, 12, 
2018/11/27, 47, 20, 5, 18, 
2018/11/28, 63, 10, 26, 12, 
2018/11/29, 31, 9, 25, 18, 
2018/11/30, 32, 11, 21, 12, 
2018/12/1, 40, 2, 26, 3, 
2018/12/2, 6, 3, 22, 7, 
2018/12/3, 8, 9, 19, 16, 
2018/12/4, 26, 16, 6, 17, 
2018/12/5, 50, 7, 20, 13, 
2018/12/6, 20, 6, 25, 8, 
2018/12/7, 17, 6, 25, 6, 
2018/12/8, 16, 6, 33, 3, 
2018/12/9, 21, 6, 27, 8, 
2018/12/10, 16, 10, 21, 12, 
2018/12/11, 33, 24, 8, 21, 
2018/12/12, 70, 29, 8, 18, 
2018/12/13, 86, 37, 8, 16, 
2018/12/14, 106, 27, 15, 12, 
2018/12/15, 85, 17, 15, 17, 
2018/12/16, 58, 7, 22, 16, 
2018/12/17, 20, 11, 25, 12, 
2018/12/18, 41, 6, 29, 12, 
2018/12/19, 19, 5, 24, 10, 
2018/12/20, 14, 2, 27, 4, 
2018/12/21, 6, 4, 23, 10, 
2018/12/22, 15, 10, 5, 16, 
2018/12/23, 36, 5, 20, 10, 
2018/12/24, 16, 10, 20, 7, 
2018/12/25, 38, 20, 6, 16, 
2018/12/26, 68, 21, 7, 25, 
2018/12/27, 64, 31, 9, 18, 
2018/12/28, 88, 22, 18, 7, 
2018/12/29, 72, 15, 14, 7, 
2018/12/30, 56, , , , 
2018/7/1, 46, 21, 53, 3, 
2018/7/2, 30, 15, 46, 6, 
2018/7/3, 37, 13, 45, 8, 
2018/7/4, 30, 6, 38, 3, 
2018/7/5, 14, 12, 40, 4, 
2018/7/6, 35, 11, 44, 3, 
2018/7/7, 32, 14, 48, 3, 
2018/7/8, 41, 14, 53, 5, 
2018/7/9, 40, 14, 46, 4, 
2018/7/10, 26, 14, 37, 3, 
2018/7/11, 26, 13, 52, 5, 
2018/7/12, 31, 16, 63, 6, 
2018/7/13, 37, 13, 58, 4, 
2018/7/14, 38, 11, 48, 4, 
2018/7/15, 35, 11, 52, 6, 
2018/7/16, 32, 11, 41, 4, 
2018/7/17, 29, 11, 39, 4, 
2018/7/18, 16, 12, 49, 4, 
2018/7/19, 22, 15, 42, 5, 
2018/7/20, 35, 11, 35, 4, 
2018/7/21, 36, 10, 40, 3, 
2018/7/22, 32, 13, 58, 4, 
2018/7/23, 40, 17, 64, 5, 
2018/7/24, 50, 20, 63, 5, 
2018/7/25, 55, 21, 67, 5, 
2018/7/26, 53, 18, 64, 5, 
2018/7/27, 48, 12, 41, 4, 
2018/7/28, 42, 12, 48, 4, 
2018/7/29, 41, 12, 52, 5, 
2018/7/30, 33, 16, 53, 5, 
2018/7/31, 43, 13, 45, 4, 
2018/8/1, 22, 14, 58, 5, 
2018/8/2, 31, 18, 74, 6, 
2018/8/3, 45, 21, 74, 3, 
2018/8/4, 55, 21, 81, 3, 
2018/8/5, 54, 23, 56, 6, 
2018/8/6, 60, 19, 54, 2, 
2018/8/7, 54, 23, 42, 4, 
2018/8/8, 55, 12, 40, 4, 
2018/8/9, 32, 6, 37, 3, 
2018/8/10, 14, 5, 38, 3, 
2018/8/11, 12, 6, 39, 3, 
2018/8/12, 18, 7, 37, 2, 
2018/8/13, 20, 4, 29, 2, 
2018/8/14, 10, 7, 39, 3, 
2018/8/15, 17, 9, 49, 4, 
2018/8/16, 22, 11, 33, 4, 
2018/8/17, 32, 10, 40, 2, 
2018/8/18, 25, 9, 42, 3, 
2018/8/19, 19, 11, 38, 4, 
2018/8/20, 26, 12, 47, 4, 
2018/8/21, 30, 14, 46, 5, 
2018/8/22, 40, 13, 41, 6, 
2018/8/23, 36, 9, 26, 3, 
2018/8/24, 22, 9, 28, 3, 
2018/8/25, 22, 5, 33, 2, 
2018/8/26, 11, 8, 38, 5, 
2018/8/27, 15, 10, 40, 5, 
2018/8/28, 18, 11, 37, 4, 
2018/8/29, 24, 12, 34, 3, 
2018/8/30, 40, 12, 36, 4, 
2018/8/31, 34, 11, 37, 3, 
2018/9/1, 35, 11, 40, 5, 
2018/9/2, 32, 10, 42, 6, 
2018/9/3, 20, 10, 46, 6, 
2018/9/4, 22, 15, 50, 7, 
2018/9/5, 30, 10, 33, 9, 
2018/9/6, 33, 12, 39, 5, 
2018/9/7, 38, 11, 37, 5, 
2018/9/8, 18, 9, 47, 6, 
2018/9/9, 27, 12, 46, 7, 
2018/9/10, 29, 15, 58, 9, 
2018/9/11, 31, 18, 35, 9, 
2018/9/12, 39, 19, 46, 6, 
2018/9/13, 39, 14, 29, 5, 
2018/9/14, 37, 8, 38, 5, 
2018/9/15, 20, 10, 37, 6, 
2018/9/16, 25, 13, 38, 6, 
2018/9/17, 39, 13, 40, 8, 
2018/9/18, 33, 19, 45, 8, 
2018/9/19, 40, 21, 46, 10, 
2018/9/20, 48, 20, 35, 10, 
2018/9/21, 39, 9, 32, 6, 
2018/9/22, 20, 5, 22, 4, 
2018/9/23, 10, 5, 28, 3, 
2018/9/24, 12, 9, 28, 7, 
2018/9/25, 18, 14, 38, 12, 
2018/9/26, 27, 16, 43, 12, 
2018/9/27, 35, 16, 45, 9, 
2018/9/28, 37, 22, 37, 6, 
2018/9/29, 60, 17, 18, 11, 
2018/9/30, 57, 11, 31, 5, 
2018/4/1, 13, 6, 43, 6, 
2018/4/2, 18, 16, 42, 2, 
2018/4/3, 26, 12, 38, 4, 
2018/4/4, 19, 4, 33, 6, 
2018/4/5, 9, 9, 43, 8, 
2018/4/6, 20, 9, 45, 2, 
2018/4/7, 14, 13, 38, 6, 
2018/4/8, 33, 10, 37, 8, 
2018/4/9, 29, 4, 39, 2, 
2018/4/10, 10, 8, 39, 9, 
2018/4/11, 23, 3, 43, 4, 
2018/4/12, 8, 4, 40, 3, 
2018/4/13, 10, 7, 39, 7, 
2018/4/14, 23, 10, 35, 5, 
2018/4/15, 28, 9, 33, 6, 
2018/4/16, 22, 12, 39, 7, 
2018/4/17, 27, 16, 48, 7, 
2018/4/18, 33, 25, 51, 8, 
2018/4/19, 41, 22, 56, 8, 
2018/4/20, 41, 19, 60, 6, 
2018/4/21, 45, 15, 42, 4, 
2018/4/22, 34, 22, 36, 6, 
2018/4/23, 40, 25, 42, 6, 
2018/4/24, 47, 29, 33, 6, 
2018/4/25, 53, 15, 37, 3, 
2018/4/26, 23, 15, 37, 7, 
2018/4/27, 24, 14, 25, 5, 
2018/4/28, 40, 13, 41, 1, 
2018/4/29, 28, 3, 34, 3, 
2018/4/30, 8, 6, 28, 3, 
2018/5/1, 22, 7, 31, 5, 
2018/5/2, 21, 9, 29, 6, 
2018/5/3, 28, 17, 33, 8, 
2018/5/4, 48, 18, 41, 4, 
2018/5/5, 49, 20, 46, 4, 
2018/5/6, 56, 25, 49, 5, 
2018/5/7, 57, 11, 45, 4, 
2018/5/8, 34, 15, 37, 5, 
2018/5/9, 47, 12, 34, 2, 
2018/5/10, 41, 12, 39, 4, 
2018/5/11, 33, 11, 42, 4, 
2018/5/12, 28, 1, 33, 2, 
2018/5/13, 6, 2, 30, 8, 
2018/5/14, 9, 9, 32, 7, 
2018/5/15, 29, 24, 37, 7, 
2018/5/16, 69, 18, 36, 7, 
2018/5/17, 57, 20, 40, 5, 
2018/5/18, 58, 14, 42, 4, 
2018/5/19, 42, 11, 43, 5, 
2018/5/20, 37, 9, 41, 5, 
2018/5/21, 26, 9, 40, 6, 
2018/5/22, 24, 8, 37, 6, 
2018/5/23, 22, 10, 41, 6, 
2018/5/24, 25, 14, 41, 9, 
2018/5/25, 38, 16, 42, 5, 
2018/5/26, 32, 14, 38, 5, 
2018/5/27, 35, 16, 21, 9, 
2018/5/28, 34, 19, 30, 7, 
2018/5/29, 40, 15, 28, 10, 
2018/5/30, 35, 11, 30, 8, 
2018/5/31, 29, 9, 34, 5, 
2018/6/1, 18, 9, 36, 3, 
2018/6/2, 24, 11, 36, 3, 
2018/6/3, 30, 11, 33, 6, 
2018/6/4, 29, 11, 33, 6, 
2018/6/5, 27, 13, 30, 7, 
2018/6/6, 22, 10, 33, 5, 
2018/6/7, 20, 13, 31, 6, 
2018/6/8, 27, 9, 35, 5, 
2018/6/9, 27, 11, 36, 3, 
2018/6/10, 23, 11, 29, 7, 
2018/6/11, 21, 7, 19, 8, 
2018/6/12, 16, 12, 29, 3, 
2018/6/13, 37, 10, 34, 2, 
2018/6/14, 30, 9, 33, 3, 
2018/6/15, 27, 8, 31, 2, 
2018/6/16, 24, 9, 28, 1, 
2018/6/17, 25, 8, 25, 3, 
2018/6/18, 19, 8, 32, 4, 
2018/6/19, 16, 13, 59, 5, 
2018/6/20, 32, 17, 45, 4, 
2018/6/21, 38, 19, 33, 2, 
2018/6/22, 24, 12, 38, 2, 
2018/6/23, 20, 11, 36, 2, 
2018/6/24, 22, 15, 39, 4, 
2018/6/25, 28, 13, 43, 4, 
2018/6/26, 24, 14, 48, 5, 
2018/6/27, 24, 16, 48, 4, 
2018/6/28, 27, 17, 46, 4, 
2018/6/29, 38, 16, 60, 4, 
2018/6/30, 47, 20, 50, 3, 
2018/1/1, 9, 6, 23, 10, 
2018/1/2, 19, , 26, 3, 
2018/1/3, 14, , 24, 4, 
2018/1/4, 7, , 21, 4, 
2018/1/5, 9, , 24, 5, 
2018/1/6, 22, , 9, 8, 
2018/1/7, 59, , 5, 12, 
2018/1/8, 68, , 29, 12, 
2018/1/9, 33, , 28, 7, 
2018/1/10, 17, , 21, 13, 
2018/1/11, 26, , 21, 9, 
2018/1/12, 40, , 10, 14, 
2018/1/13, 66, , 17, 13, 
2018/1/14, 47, 3, 28, 11, 
2018/1/15, 33, 2, 28, 4, 
2018/1/16, 5, 7, 29, 7, 
2018/1/17, 22, 5, 26, 5, 
2018/1/18, 12, 6, 24, 9, 
2018/1/19, 16, 3, 27, 7, 
2018/1/20, 14, 6, 28, 7, 
2018/1/21, 20, 5, 23, 8, 
2018/1/22, 10, 9, 24, 14, 
2018/1/23, 24, 9, 26, 11, 
2018/1/24, 28, 4, 30, 2, 
2018/1/25, 13, 6, 26, 19, 
2018/1/26, 26, 8, 17, 14, 
2018/1/27, 33, 9, 15, 10, 
2018/1/28, 36, 11, 10, 15, 
2018/1/29, 43, 9, 11, 14, 
2018/1/30, 34, 6, 25, 9, 
2018/1/31, 19, 4, 23, 8, 
2018/2/1, 13, 9, 21, 8, 
2018/2/2, 28, 8, 17, 8, 
2018/2/3, 32, 15, 13, 13, 
2018/2/4, 55, 13, 8, 13, 
2018/2/5, 51, 21, 17, 15, 
2018/2/6, 68, 16, 16, 11, 
2018/2/7, 59, 23, 6, 13, 
2018/2/8, 78, 18, 21, 12, 
2018/2/9, 64, 8, 22, 8, 
2018/2/10, 31, 7, 24, 10, 
2018/2/11, 27, 7, 24, 10, 
2018/2/12, 23, 12, 27, 13, 
2018/2/13, 42, 8, 24, 12, 
2018/2/14, 24, 7, 16, 15, 
2018/2/15, 23, 7, 15, 11, 
2018/2/16, 25, 5, 27, 7, 
2018/2/17, 19, 7, 27, 5, 
2018/2/18, 30, 11, 25, 9, 
2018/2/19, 36, 15, 17, 9, 
2018/2/20, 57, , , , 
2018/2/22, 107, 36, 16, 11, 
2018/2/23, 103, 40, 19, 10, 
2018/2/24, 116, 32, 22, 9, 
2018/2/25, 96, 19, 26, 8, 
2018/2/26, 54, 26, 22, 11, 
2018/2/27, 76, 46, 13, 20, 
2018/2/28, 117, 7, 32, 10, 
2018/3/1, 28, 4, 31, 7, 
2018/3/2, 12, 4, 29, 8, 
2018/3/3, 14, 5, 33, 12, 
2018/3/4, 17, 6, 28, 11, 
2018/3/5, 24, 6, 29, 11, 
2018/3/6, 17, 4, 30, 9, 
2018/3/7, 11, 5, 34, 10, 
2018/3/8, 15, 5, 35, 7, 
2018/3/9, 15, 2, 33, 1, 
2018/3/10, 10, 4, 32, 2, 
2018/3/11, 11, 3, 32, 5, 
2018/3/12, 6, 6, 33, 7, 
2018/3/13, 16, 9, 37, 9, 
2018/3/14, 26, 5, 37, 10, 
2018/3/15, 17, 7, 26, 13, 
2018/3/16, 22, 4, 29, 7, 
2018/3/17, 15, 8, 24, 5, 
2018/3/18, 34, 15, 29, 8, 
2018/3/19, 55, 21, 31, 8, 
2018/3/20, 65, 13, 33, 6, 
2018/3/21, 45, 16, 31, 7, 
2018/3/22, 53, 14, 26, 9, 
2018/3/23, 54, 15, 34, 11, 
2018/3/24, 54, 13, 38, 9, 
2018/3/25, 49, 17, 27, 16, 
2018/3/26, 56, 14, 22, 12, 
2018/3/27, 47, 3, 20, 8, 
2018/3/28, 9, 4, 36, 6, 
2018/3/29, 14, 6, 34, 7, 
2018/3/30, 13, 4, 34, 7, 
2018/3/31, 14, 4, 38, 3, 
2017/10/1, 18, 9, 9, 9, 
2017/10/2, 19, 7, 19, 6, 
2017/10/3, 11, 10, 17, 9, 
2017/10/4, 18, 11, 23, 11, 
2017/10/5, 30, 9, 25, 5, 
2017/10/6, 18, 9, 25, 6, 
2017/10/7, 29, 7, 19, 7, 
2017/10/8, 27, 8, 21, 8, 
2017/10/9, 25, 12, 23, 9, 
2017/10/10, 30, 12, 30, 11, 
2017/10/11, 28, 15, 26, 11, 
2017/10/12, 36, 19, 19, 16, 
2017/10/13, 49, 23, 31, 14, 
2017/10/14, 61, 21, 29, 15, 
2017/10/15, 56, 19, 35, 12, 
2017/10/16, 43, 11, 39, 9, 
2017/10/17, 26, 13, 36, 3, 
2017/10/18, 36, 17, 40, 6, 
2017/10/19, 40, 11, 35, 3, 
2017/10/20, 30, 9, 29, 3, 
2017/10/21, 20, 3, 24, 3, 
2017/10/22, 12, 6, 23, 5, 
2017/10/23, 16, 10, 19, 10, 
2017/10/24, 28, 10, 13, 13, 
2017/10/25, 27, 17, 13, 17, 
2017/10/26, 41, 15, 16, 11, 
2017/10/27, 44, 12, 25, 4, 
2017/10/28, 36, 8, 24, 4, 
2017/10/29, 27, 10, 20, 5, 
2017/10/30, 24, 16, 15, 13, 
2017/10/31, 45, 21, 30, 13, 
2017/11/1, 61, 15, 30, 14, 
2017/11/2, 40, 21, 17, 17, 
2017/11/3, 58, 9, 27, 7, 
2017/11/4, 31, 4, 26, 4, 
2017/11/5, 15, 6, 20, 5, 
2017/11/6, 26, 14, 14, 8, 
2017/11/7, 54, 15, 18, 11, 
2017/11/8, 51, 13, 16, 10, 
2017/11/9, 50, 13, 13, 13, 
2017/11/10, 48, 8, 16, 12, 
2017/11/11, 31, 2, 27, 4, 
2017/11/12, 11, 3, 21, 6, 
2017/11/13, 12, 13, 16, 10, 
2017/11/14, 38, 15, 15, 11, 
2017/11/15, 52, 26, 5, 16, 
2017/11/16, 76, 23, 8, 17, 
2017/11/17, 74, 12, 20, 9, 
2017/11/18, 47, 9, 19, 7, 
2017/11/19, 42, 12, 15, 13, 
2017/11/20, 37, 19, 5, 18, 
2017/11/21, 55, 16, 29, 12, 
2017/11/22, 47, 8, 29, 3, 
2017/11/23, 24, 7, 25, 7, 
2017/11/24, 23, 3, 25, 5, 
2017/11/25, 14, 5, 21, 6, 
2017/11/26, 17, 15, 10, 17, 
2017/11/27, 46, 12, 18, 14, 
2017/11/28, 39, 8, 17, 13, 
2017/11/29, 32, 10, 16, 12, 
2017/11/30, 36, 5, 21, 8, 
2017/12/1, 25, 11, 19, 8, 
2017/12/2, 49, 14, 14, 8, 
2017/12/3, 57, 22, 9, 20, 
2017/12/4, 71, 20, 7, 21, 
2017/12/5, 66, 22, 7, 16, 
2017/12/6, 72, 11, 29, 15, 
2017/12/7, 40, 5, 28, 8, 
2017/12/8, 14, 7, 22, 10, 
2017/12/11, 16, 8, 20, 15, 
2017/12/12, 31, 8, 26, 10, 
2017/12/13, 32, 5, 28, 4, 
2017/12/14, 12, 5, 26, 9, 
2017/12/15, 11, 4, 18, 7, 
2017/12/16, 18, 8, 15, 7, 
2017/12/17, 30, 7, 18, 12, 
2017/12/18, 27, 9, 15, 11, 
2017/12/19, 35, 7, 14, 9, 
2017/12/20, 33, 5, 11, 10, 
2017/12/21, 20, 4, 16, 10, 
2017/12/22, 17, 7, 15, 8, 
2017/12/23, 32, 10, 14, 8, 
2017/12/24, 44, 8, 25, 8, 
2017/12/25, 31, 2, 28, 4, 
2017/12/26, 8, 2, 26, 3, 
2017/12/27, 9, 9, 23, 9, 
2017/12/28, 27, 12, 22, 15, 
2017/12/29, 38, 3, 24, 5, 
2017/12/30, 12, , , , 
2017/7/1, 5, 11, 27, 2, 
2017/7/2, 13, 11, 32, 2, 
2017/7/3, 9, 16, 57, 5, 
2017/7/4, 16, 17, 37, 8, 
2017/7/5, 26, 16, 43, 7, 
2017/7/6, 17, 21, 53, 6, 
2017/7/7, 29, 23, 47, 8, 
2017/7/8, 50, 18, 40, 4, 
2017/7/9, 33, 14, 33, 4, 
2017/7/10, 17, 13, 28, 5, 
2017/7/11, 12, 13, 28, 2, 
2017/7/12, 11, 12, 31, 2, 
2017/7/13, 6, 12, 37, 2, 
2017/7/14, 11, 17, 33, 3, 
2017/7/15, 14, 14, 32, 3, 
2017/7/16, 12, 17, 52, 5, 
2017/7/17, 25, 18, 46, 4, 
2017/7/18, 28, 19, 46, 4, 
2017/7/19, 22, 11, 40, 3, 
2017/7/20, 11, 13, 26, 6, 
2017/7/21, 17, 13, 33, 6, 
2017/7/22, 29, 14, 32, 3, 
2017/7/23, 25, 9, 27, 3, 
2017/7/24, 6, 9, 29, 3, 
2017/7/25, 11, 14, 35, 4, 
2017/7/26, 18, 9, 21, 4, 
2017/7/27, 7, 10, 34, 4, 
2017/7/28, 10, 15, 41, 4, 
2017/7/29, 17, 15, 40, 3, 
2017/7/30, 26, 19, 41, 5, 
2017/7/31, 27, 19, 44, 6, 
2017/8/1, 32, 22, 45, 5, 
2017/8/2, 43, 34, 46, 7, 
2017/8/3, 52, 19, 47, 5, 
2017/8/4, 27, 9, 27, 3, 
2017/8/5, 12, 13, 35, 2, 
2017/8/6, 7, 14, 54, 5, 
2017/8/7, 14, 11, 35, 4, 
2017/8/8, 10, 11, 30, 3, 
2017/8/9, 8, 9, 34, 3, 
2017/8/10, 9, 9, 33, 2, 
2017/8/11, 5, 12, 37, 2, 
2017/8/12, 9, 10, 25, 3, 
2017/8/13, 7, 11, 38, 3, 
2017/8/14, 13, 13, 38, 2, 
2017/8/15, 11, 18, 48, 5, 
2017/8/16, 30, 15, 40, 4, 
2017/8/17, 37, 9, 36, 5, 
2017/8/18, 47, 5, 31, 1, 
2017/8/19, 26, 7, 33, 3, 
2017/8/20, 33, 7, 38, 5, 
2017/8/21, 30, 9, 43, 6, 
2017/8/22, 18, 15, 62, 7, 
2017/8/23, 31, 15, 36, 7, 
2017/8/24, 40, 10, 39, 7, 
2017/8/25, 27, 8, 41, 3, 
2017/8/26, 17, 10, 43, 4, 
2017/8/27, 24, 18, 56, 8, 
2017/8/28, 41, 20, 45, 7, 
2017/8/29, 44, 19, 37, 3, 
2017/8/30, 30, 1, 25, 5, 
2017/8/31, 13, 2, 31, 3, 
2017/9/1, 15, 3, 28, 4, 
2017/9/2, 6, 5, 37, 4, 
2017/9/3, 8, 7, 35, 8, 
2017/9/4, 15, 7, 26, 7, 
2017/9/5, 19, 8, 10, 11, 
2017/9/6, 13, , , , 
2017/9/10, 10, 3, 26, 6, 
2017/9/11, 12, 4, 27, 6, 
2017/9/12, 10, 5, 23, 3, 
2017/9/13, 13, 8, 26, 5, 
2017/9/14, 9, 10, 25, 7, 
2017/9/15, 13, 5, 25, 4, 
2017/9/16, 19, 4, 24, 4, 
2017/9/17, 33, 4, 25, 7, 
2017/9/18, 37, 7, 24, 9, 
2017/9/19, 15, 9, 27, 7, 
2017/9/20, 13, 13, 30, 11, 
2017/9/21, 13, 14, 33, 13, 
2017/9/22, 21, 14, 39, 8, 
2017/9/23, 52, 14, 37, 8, 
2017/9/24, 50, 13, 24, 11, 
2017/9/25, 46, 11, 28, 8, 
2017/9/26, 55, 13, 34, 7, 
2017/9/27, 45, 12, 35, 12, 
2017/9/28, 28, 16, 35, 15, 
2017/9/29, 32, 9, 23, 9, 
2017/9/30, 25, 9, 24, 5, 
2017/4/1, 19, 7, 23, 5, 
2017/4/2, 18, 14, 30, 5, 
2017/4/3, 36, 19, 36, 9, 
2017/4/4, 49, 22, 35, 7, 
2017/4/5, 55, 36, 32, 7, 
2017/4/6, 82, 21, 31, 11, 
2017/4/7, 49, 18, 37, 9, 
2017/4/8, 46, 16, 38, 9, 
2017/4/9, 39, 18, 37, 8, 
2017/4/10, 32, 28, 34, 4, 
2017/4/11, 54, 21, 37, 7, 
2017/4/12, 46, 21, 35, 7, 
2017/4/13, 43, 20, 34, 7, 
2017/4/14, 36, 19, 28, 5, 
2017/4/15, 36, 16, 31, 2, 
2017/4/16, 25, 14, 32, 3, 
2017/4/17, 25, 27, 34, 3, 
2017/4/18, 21, 19, 32, 4, 
2017/4/19, 29, 19, 33, 5, 
2017/4/20, 40, 22, 38, 9, 
2017/4/21, 45, 23, 44, 7, 
2017/4/22, 57, 24, 33, 4, 
2017/4/23, 47, 22, 37, 8, 
2017/4/24, 41, 16, 43, 10, 
2017/4/25, 41, 7, 21, 6, 
2017/4/26, 18, 11, 27, 6, 
2017/4/27, 39, 13, 32, 5, 
2017/4/28, 32, 14, 37, 7, 
2017/4/29, 44, 9, 43, 1, 
2017/4/30, 24, 4, 34, 3, 
2017/5/1, 11, 6, 25, 6, 
2017/5/2, 11, 16, 28, 9, 
2017/5/3, 24, 18, 27, 10, 
2017/5/4, 41, 16, 34, 9, 
2017/5/5, 33, 12, 35, 6, 
2017/5/6, 18, 9, 29, 3, 
2017/5/7, 8, 20, 32, 4, 
2017/5/8, 46, 14, 33, 5, 
2017/5/9, 23, 13, 40, 6, 
2017/5/10, 28, 10, 43, 5, 
2017/5/11, 16, 12, 26, 13, 
2017/5/12, 22, 11, 23, 8, 
2017/5/13, 10, 9, 31, 5, 
2017/5/14, 8, 10, 33, 6, 
2017/5/15, 14, 15, 45, 6, 
2017/5/16, 19, 18, 43, 7, 
2017/5/17, 25, 17, 48, 5, 
2017/5/18, 22, 8, 29, 4, 
2017/5/19, 9, 13, 30, 3, 
2017/5/20, 26, 11, 38, 3, 
2017/5/21, 17, 15, 38, 8, 
2017/5/22, 23, 19, 42, 5, 
2017/5/23, 37, 21, 40, 3, 
2017/5/24, 35, 19, 40, 3, 
2017/5/25, 16, 21, 49, 4, 
2017/5/26, 35, 19, 45, 2, 
2017/5/27, 22, 17, 46, 2, 
2017/5/28, 17, 20, 45, 6, 
2017/5/29, 27, 21, 50, 4, 
2017/5/30, 34, 18, 34, 4, 
2017/5/31, 28, 17, 35, 8, 
2017/6/1, 25, 20, 33, 5, 
2017/6/2, 27, 13, 31, 3, 
2017/6/3, 21, 11, 26, 1, 
2017/6/4, 6, 11, 33, 2, 
2017/6/5, 8, 12, 29, 3, 
2017/6/6, 10, 14, 29, 3, 
2017/6/7, 15, 15, 38, 5, 
2017/6/8, 26, 16, 46, 5, 
2017/6/9, 23, 18, 39, 2, 
2017/6/10, 25, 18, 51, 3, 
2017/6/11, 27, 22, 43, 4, 
2017/6/12, 46, 28, 56, 6, 
2017/6/13, 44, 24, 37, 6, 
2017/6/14, 61, 21, 43, 4, 
2017/6/15, 46, 22, 41, 3, 
2017/6/16, 34, 20, 38, 2, 
2017/6/17, 17, 14, 54, 2, 
2017/6/18, 23, 21, 46, 5, 
2017/6/19, 35, 25, 56, 6, 
2017/6/20, 39, 24, 57, 7, 
2017/6/21, 46, 24, 55, 6, 
2017/6/22, 39, 27, 53, 6, 
2017/6/23, 48, 23, 44, 2, 
2017/6/24, 15, 14, 34, 3, 
2017/6/25, 27, 17, 31, 8, 
2017/6/26, 10, 16, 38, 4, 
2017/6/27, 20, 10, 36, 4, 
2017/6/28, 7, 9, 25, 2, 
2017/6/29, 5, 9, 25, 3, 
2017/6/30, 6, 8, 24, 2, 
2017/1/2, 83, 18, 15, 7, 
2017/1/3, 49, 18, 19, 11, 
2017/1/4, 44, 13, 19, 8, 
2017/1/5, 33, 16, 19, 10, 
2017/1/6, 34, 23, 16, 16, 
2017/1/7, 55, 23, 16, 10, 
2017/1/8, 56, 17, 17, 15, 
2017/1/9, 43, 17, 17, 15, 
2017/1/10, 43, 19, 16, 12, 
2017/1/11, 32, 12, 21, 12, 
2017/1/12, 22, 14, 25, 10, 
2017/1/13, 25, 9, 23, 7, 
2017/1/14, 16, 13, 19, 9, 
2017/1/15, 33, 15, 19, 13, 
2017/1/16, 46, 7, 20, 8, 
2017/1/17, 35, 12, 16, 11, 
2017/1/18, 55, 31, 11, 22, 
2017/1/19, 92, 39, 8, 29, 
2017/1/20, 114, 26, 10, 31, 
2017/1/21, 91, 26, 13, 21, 
2017/1/22, 90, 47, 16, 25, 
2017/1/23, 123, 54, 11, 23, 
2017/1/24, 144, 40, 9, 19, 
2017/1/25, 112, 54, 7, 26, 
2017/1/26, 145, 12, 34, 6, 
2017/1/27, 29, 16, 33, 10, 
2017/1/28, 38, 8, 24, 10, 
2017/1/29, 24, 6, 28, 10, 
2017/1/30, 22, 12, 17, 15, 
2017/1/31, 38, 7, 23, 14, 
2017/2/1, 24, 8, 33, 2, 
2017/2/2, 15, 4, 34, 7, 
2017/2/3, 10, 3, 34, 2, 
2017/2/4, 12, 5, 31, 8, 
2017/2/5, 15, 6, 22, 7, 
2017/2/6, 25, 9, 17, 13, 
2017/2/7, 35, 13, 24, 7, 
2017/2/8, 27, 21, 12, 13, 
2017/2/9, 55, 25, 24, 10, 
2017/2/10, 61, 13, 26, 5, 
2017/2/11, 26, 12, 31, 5, 
2017/2/12, 23, 26, 14, 19, 
2017/2/13, 54, 38, 9, 21, 
2017/2/14, 86, 19, 27, 14, 
2017/2/15, 42, 22, 21, 14, 
2017/2/16, 52, 24, 22, 12, 
2017/2/17, 58, 20, 25, 12, 
2017/2/18, 51, 19, 28, 13, 
2017/2/19, 54, 20, 26, 14, 
2017/2/20, 56, 15, 17, 11, 
2017/2/21, 47, 12, 16, 12, 
2017/2/22, 35, 21, 28, 10, 
2017/2/23, 44, 10, 27, 4, 
2017/2/24, 22, 12, 25, 7, 
2017/2/25, 39, 15, 26, 15, 
2017/2/26, 53, 16, 31, 10, 
2017/2/27, 53, 3, 32, 3, 
2017/2/28, 16, 4, 30, 4, 
2017/3/1, 19, 7, 29, 8, 
2017/3/2, 22, 11, 34, 9, 
2017/3/3, 35, 3, 35, 3, 
2017/3/4, 16, 4, 29, 3, 
2017/3/5, 16, 6, 32, 3, 
2017/3/6, 16, 7, 28, 6, 
2017/3/7, 19, 16, 11, 18, 
2017/3/8, 48, 13, 17, 13, 
2017/3/9, 35, 15, 25, 10, 
2017/3/10, 44, 16, 26, 13, 
2017/3/11, 50, 15, 28, 9, 
2017/3/12, 53, 35, 22, 9, 
2017/3/13, 75, 45, 25, 12, 
2017/3/14, 101, 40, 29, 14, 
2017/3/15, 93, 41, 31, 15, 
2017/3/16, 90, 25, 35, 11, 
2017/3/17, 58, 30, 23, 7, 
2017/3/18, 75, 13, 28, 5, 
2017/3/19, 31, 11, 18, 8, 
2017/3/20, 19, 9, 26, 4, 
2017/3/21, 12, 10, 24, 9, 
2017/3/22, 26, 11, 30, 8, 
2017/3/23, 27, 13, 23, 14, 
2017/3/24, 34, 23, 25, 11, 
2017/3/25, 63, 12, 31, 10, 
2017/3/26, 29, 13, 36, 7, 
2017/3/27, 28, 13, 37, 9, 
2017/3/28, 23, 16, 36, 9, 
2017/3/29, 35, 16, 37, 8, 
2017/3/30, 35, 9, 41, 3, 
2017/3/31, 17, 5, 38, 4, 
2016/10/1, 10, 9, 23, 5, 
2016/10/2, 9, 12, 26, 10, 1
2016/10/3, 18, 14, 22, 9, 1
2016/10/4, 22, 19, 25, 10, 1
2016/10/5, 34, 18, 16, 10, 1
2016/10/6, 31, 24, 18, 12, 1
2016/10/7, 53, 23, 12, 11, 1
2016/10/8, 51, 15, 19, 8, 1
2016/10/9, 30, 15, 20, 9, 1
2016/10/10, 25, 21, 22, 9, 
2016/10/11, 40, 26, 12, 16, 1
2016/10/12, 54, 23, 7, 18, 1
2016/10/13, 55, 11, 10, 16, 1
2016/10/14, 17, 10, 23, 10, 3
2016/10/15, 14, 13, 28, 11, 
2016/10/16, 15, 19, 17, 15, 1
2016/10/17, 31, 17, 24, 11, 1
2016/10/18, 22, 14, 22, 10, 1
2016/10/19, 23, 13, 22, 8, 1
2016/10/20, 19, 14, 19, 8, 
2016/10/21, 25, 13, 20, 9, 1
2016/10/22, 28, 14, 27, 7, 
2016/10/23, 44, 18, 29, 4, 
2016/10/24, 16, 11, 15, 13, 1
2016/10/25, 19, 13, 10, 9, 14
2016/10/26, 13, 17, 17, 6, 2
2016/10/27, 26, 22, 16, 12, 1
2016/10/28, 43, 22, 8, 12, 1
2016/10/29, 52, 18, 10, 7, 
2016/10/30, 41, 25, 7, 10, 1
2016/10/31, 54, 18, 23, 15, 1
2016/11/1, 36, 23, 15, 11, 1
2016/11/2, 51, 19, 18, 12, 
2016/11/3, 34, 18, 25, 13, 1
2016/11/4, 38, 9, 24, 7, 1
2016/11/5, 13, 10, 23, 6, 
2016/11/6, 15, 11, 21, 12, 1
2016/11/7, 24, 10, 15, 11, 1
2016/11/8, 23, 8, 21, 12, 
2016/11/9, 18, 8, 19, 13, 1
2016/11/10, 17, 7, 23, 6, 
2016/11/11, 10, 12, 20, 11, 
2016/11/12, 28, 15, 10, 13, 1
2016/11/13, 41, 11, 12, 11, 1
2016/11/14, 33, 13, 21, 10, 1
2016/11/15, 34, 15, 14, 13, 1
2016/11/16, 43, 13, 16, 13, 
2016/11/17, 31, 7, 22, 7, 1
2016/11/18, 16, 4, 28, 6, 
2016/11/19, 12, 7, 31, 1, 1
2016/11/20, 16, 9, 33, 1, 
2016/11/21, 8, 5, 25, 13, 1
2016/11/22, 5, 17, 22, 17, 1
2016/11/23, 32, 11, 26, 15, 
2016/11/24, 19, 13, 19, 15, 1
2016/11/25, 30, 13, 14, 14, 
2016/11/26, 33, 17, 4, 13, 1
2016/11/27, 47, 19, 10, 12, 1
2016/11/28, 49, 21, 10, 15, 1
2016/11/29, 53, 22, 10, 20, 1
2016/11/30, 58, 26, 5, 20, 
2016/12/1, 66, 23, 9, 18, 1
2016/12/2, 64, 27, 14, 14, 1
2016/12/3, 77, 32, 11, 19, 1
2016/12/4, 90, 29, 10, 28, 1
2016/12/5, 72, 20, 6, 23, 1
2016/12/6, 60, 22, 4, 22, 1
2016/12/7, 76, 21, 2, 33, 1
2016/12/8, 61, 25, 5, 27, 1
2016/12/9, 64, 29, 7, 25, 1
2016/12/10, 80, 23, 12, 16, 
2016/12/11, 71, 19, 19, 17, 1
2016/12/12, 50, 30, 9, 22, 1
2016/12/13, 68, 29, 16, 27, 1
2016/12/14, 70, 24, 18, 24, 1
2016/12/15, 58, 32, 8, 28, 2
2016/12/16, 73, 24, 10, 17, 1
2016/12/17, 59, 27, 12, 14, 1
2016/12/18, 68, 20, 8, 13, 1
2016/12/19, 55, 29, 8, 24, 1
2016/12/20, 73, 22, 12, 14, 
2016/12/21, 60, 20, 6, 15, 1
2016/12/22, 48, 15, 10, 13, 
2016/12/23, 39, 15, 6, 16, 1
2016/12/24, 41, 14, 20, 11, 
2016/12/25, 35, 15, 9, 13, 
2016/12/26, 41, 13, 17, 11, 
2016/12/27, 32, 20, 7, 18, 1
2016/12/28, 58, 31, 6, 19, 1
2016/12/29, 82, 37, 3, 25, 1
2016/12/30, 93, 35, 3, 22, 1
2016/12/31, 90, 30, 9, 19, 1
2017/1/1, 80, 31, 4, 14, 
2016/7/1, 19, 11, 26, 2, 
2016/7/2, 21, 11, 28, 1, 
2016/7/3, 10, 13, 32, 5, 1
2016/7/4, 16, 17, 33, 5, 2
2016/7/5, 24, 13, 34, 3, 1
2016/7/6, 15, 16, 51, 6, 2
2016/7/7, 22, 19, 48, 6, 1
2016/7/8, 30, 18, 45, 3, 1
2016/7/9, 29, 17, 44, 4, 2
2016/7/10, 34, 22, 32, 7, 2
2016/7/11, 39, 23, 18, 5, 
2016/7/12, 21, 16, 25, 4, 1
2016/7/13, 8, 15, 26, 3, 1
2016/7/14, 14, 16, 30, 3, 1
2016/7/15, 20, 15, 42, 3, 1
2016/7/16, 17, 16, 43, 4, 2
2016/7/17, 28, 20, 53, 6, 2
2016/7/18, 32, 24, 59, 6, 4
2016/7/19, 40, 24, 44, 10, 3
2016/7/20, 27, 38, 48, 7, 3
2016/7/21, 66, 27, 30, 6, 1
2016/7/22, 47, 24, 36, 3, 2
2016/7/23, 40, 26, 41, 4, 1
2016/7/24, 40, 24, 19, 7, 
2016/7/25, 36, , , , 
2016/7/27, 24, 23, 36, 5, 1
2016/7/28, 24, 21, 43, 4, 2
2016/7/29, 17, 22, 39, 7, 2
2016/7/30, 32, 27, 21, 6, 
2016/7/31, 42, 19, 35, 4, 1
2016/8/1, 13, 21, 39, 4, 1
2016/8/2, 21, 21, 44, 4, 2
2016/8/3, 23, 24, 34, 6, 1
2016/8/4, 29, 12, 24, 2, 1
2016/8/5, 7, 16, 33, 3, 2
2016/8/6, 13, 16, 33, 3, 1
2016/8/7, 16, 15, 35, 4, 1
2016/8/8, 17, 20, 27, 3, 1
2016/8/9, 17, 20, 32, 3, 1
2016/8/10, 18, 22, 31, 2, 
2016/8/11, 25, 17, 32, 3, 1
2016/8/12, 19, 17, 47, 3, 1
2016/8/13, 23, 18, 44, 3, 3
2016/8/14, 27, 15, 38, 3, 2
2016/8/15, 15, 17, 44, 4, 2
2016/8/16, 23, 19, 42, 5, 2
2016/8/17, 35, 18, 37, 4, 1
2016/8/18, 29, 16, 45, 5, 2
2016/8/19, 23, 17, 22, 5, 
2016/8/20, 21, 16, 30, 3, 1
2016/8/21, 9, 16, 32, 5, 1
2016/8/22, 12, 19, 50, 6, 1
2016/8/23, 17, 21, 63, 7, 1
2016/8/24, 35, 20, 52, 7, 2
2016/8/25, 29, 22, 63, 6, 2
2016/8/26, 36, 21, 55, 4, 2
2016/8/27, 37, 22, 54, 3, 3
2016/8/28, 30, 22, 29, 3, 1
2016/8/29, 22, 23, 34, 4, 1
2016/8/30, 23, 26, 45, 6, 1
2016/8/31, 33, 24, 45, 6, 3
2016/9/1, 31, 25, 49, 7, 1
2016/9/2, 30, 22, 52, 6, 2
2016/9/3, 32, 22, 43, 6, 1
2016/9/4, 33, 18, 24, 7, 2
2016/9/5, 24, 12, 35, 5, 2
2016/9/6, 35, 16, 38, 7, 11
2016/9/7, 18, 17, 44, 5, 1
2016/9/8, 13, 22, 41, 5, 1
2016/9/9, 20, 21, 47, 6, 1
2016/9/10, 21, 20, 43, 5, 1
2016/9/11, 17, 26, 45, 9, 2
2016/9/12, 28, 35, 48, 2, 2
2016/9/13, 42, 30, 44, 11, 
2016/9/14, 44, 9, 31, 5, 1
2016/9/15, 11, 9, 28, 6, 1
2016/9/16, 7, 9, 18, 3, 1
2016/9/17, 8, 6, 16, 3, 1
2016/9/18, 23, 17, 25, 5, 
2016/9/19, 20, 19, 23, 6, 
2016/9/20, 20, 19, 27, 9, 1
2016/9/21, 30, 20, 37, 9, 2
2016/9/22, 45, 20, 38, 10, 1
2016/9/23, 40, 16, 39, 7, 1
2016/9/24, 29, 14, 41, 3, 2
2016/9/25, 19, 13, 24, 6, 
2016/9/26, 11, 17, 26, 8, 1
2016/9/27, 17, 18, 29, 10, 1
2016/9/28, 24, 17, 37, 9, 1
2016/9/29, 23, 14, 38, 6, 1
2016/9/30, 19, 10, 35, 6, 1
2016/4/1, 29, 22, 26, 7, 
2016/4/2, 65, 12, 37, 2, 
2016/4/3, 30, 9, 37, 3, 
2016/4/4, 16, 8, 40, 7, 
2016/4/5, 17, 7, 36, 6, 
2016/4/6, 20, 8, 33, 7, 
2016/4/7, 15, 7, 28, 5, 
2016/4/8, 13, 8, 35, 3, 
2016/4/9, 18, 10, 41, 4, 
2016/4/10, 27, 9, 41, 2, 
2016/4/11, 12, 9, 38, 3, 
2016/4/12, 16, 4, 35, 3, 
2016/4/13, 10, 6, 37, 6, 
2016/4/14, 11, 7, 38, 7, 
2016/4/15, 14, 7, 41, 1, 
2016/4/16, 15, 3, 32, 2, 
2016/4/17, 7, 3, 34, 3, 
2016/4/18, 8, 10, 37, 7, 
2016/4/19, 26, 13, 35, 9, 
2016/4/20, 32, 12, 40, 8, 
2016/4/21, 27, 11, 38, 7, 
2016/4/22, 26, 7, 28, 4, 
2016/4/23, 23, 10, 31, 2, 
2016/4/24, 33, 7, 33, 4, 
2016/4/25, 22, 7, 27, 6, 
2016/4/26, 19, 7, 35, 4, 
2016/4/27, 18, 10, 36, 7, 
2016/4/28, 27, 13, 38, 8, 
2016/4/29, 34, 8, 28, 7, 
2016/4/30, 27, 7, 28, 3, 
2016/5/1, 27, 15, 37, 5, 
2016/5/2, 45, 13, 31, 9, 
2016/5/3, 35, 11, 41, 9, 
2016/5/4, 28, 10, 53, 5, 
2016/5/5, 31, 11, 51, 2, 
2016/5/6, 21, 11, 47, 2, 
2016/5/7, 23, 12, 46, 3, 
2016/5/8, 30, 9, 41, 1, 
2016/5/9, 13, 9, 37, 2, 
2016/5/10, 18, 9, 30, 7, 
2016/5/11, 22, 14, 30, 5, 
2016/5/12, 10, 5, 26, 8, 
2016/5/13, 8, 12, 36, 3, 
2016/5/14, 34, 11, 34, 1, 
2016/5/15, 23, 10, 38, 2, 
2016/5/16, 20, 12, 37, 6, 
2016/5/17, 30, 14, 38, 3, 
2016/5/18, 27, 5, 30, 3, 
2016/5/19, 9, 10, 32, 5, 
2016/5/20, 25, 11, 38, 4, 1
2016/5/21, 25, 9, 40, 2, 1
2016/5/22, 13, 4, 27, 4, 
2016/5/23, 7, 9, 31, 4, 
2016/5/24, 13, 12, 24, 8, 1
2016/5/25, 31, 16, 37, 9, 
2016/5/26, 34, 24, 45, 6, 
2016/5/27, 37, 139, 39, 4, 1
2016/5/28, 133, 8, 26, 3, 
2016/5/29, 9, 3, 29, 3, 
2016/5/30, 7, 4, 32, 4, 
2016/5/31, 8, 4, 15, 5, 
2016/6/1, 6, 6, 17, 7, 
2016/6/2, 8, 7, 27, 4, 
2016/6/3, 20, 14, 33, 4, 
2016/6/4, 35, 8, 32, 2, 
2016/6/5, 11, 12, 42, 4, 
2016/6/6, 27, 10, 41, 5, 
2016/6/7, 18, 16, 42, 5, 
2016/6/8, 29, 19, 41, 4, 3
2016/6/9, 40, 17, 44, 8, 4
2016/6/10, 31, 9, 30, 3, 5
2016/6/11, 15, 10, 29, 2, 5
2016/6/12, 11, 6, 22, 4, 7
2016/6/13, 9, 7, 22, 2, 
2016/6/14, 5, 6, 25, 2, 1
2016/6/15, 6, 6, 27, 3, 1
2016/6/16, 6, 7, 28, 2, 1
2016/6/17, 8, 5, 26, 3, 
2016/6/18, 6, 9, 30, 2, 
2016/6/19, 13, 11, 37, 3, 2
2016/6/20, 18, 13, 27, 5, 1
2016/6/21, 20, 14, 30, 5, 2
2016/6/22, 25, 23, 40, 5, 3
2016/6/23, 32, 25, 52, 6, 2
2016/6/24, 36, 11, 29, 2, 
2016/6/25, 20, 10, 30, 1, 
2016/6/26, 14, 10, 31, 3, 1
2016/6/27, 13, 14, 41, 4, 1
2016/6/28, 20, 18, 35, 5, 1
2016/6/29, 28, 14, 34, 4, 1
2016/6/30, 23, 13, 40, 4, 1
2016/1/4, 13, 8, 26, 8, 
2016/1/5, 12, 8, 27, 10, 1
2016/1/6, 16, 9, 26, 7, 
2016/1/7, 16, 16, 18, 12, 1
2016/1/8, 35, 14, 19, 12, 
2016/1/9, 34, 7, 29, 3, 
2016/1/10, 7, 9, 29, 4, 
2016/1/11, 12, 8, 28, 6, 
2016/1/12, 8, 13, 26, 9, 
2016/1/13, 18, 18, 16, 16, 1
2016/1/14, 41, 12, 23, 9, 
2016/1/15, 22, 14, 23, 7, 
2016/1/16, 28, 18, 22, 7, 
2016/1/17, 40, 19, 19, 15, 1
2016/1/18, 45, 18, 22, 18, 1
2016/1/19, 48, 21, 15, 18, 1
2016/1/20, 58, 20, 17, 14, 
2016/1/21, 58, 25, 12, 23, 1
2016/1/22, 61, 17, 15, 13, 
2016/1/23, 47, 14, 13, 12, 1
2016/1/24, 38, 22, 10, 24, 1
2016/1/25, 53, 26, 4, 22, 1
2016/1/26, 63, 27, 3, 20, 1
2016/1/27, 64, 19, 16, 17, 
2016/1/28, 43, 22, 5, 14, 
2016/1/29, 56, 12, 24, 7, 
2016/1/30, 25, 8, 23, 4, 
2016/1/31, 19, 10, 22, 11, 
2016/2/1, 23, 17, 19, 13, 
2016/2/2, 41, 7, 24, 6, 
2016/2/3, 7, 15, 25, 9, 
2016/2/4, 17, 14, 20, 13, 
2016/2/5, 28, 12, 30, 4, 
2016/2/6, 18, 9, 32, 8, 
2016/2/7, 17, 7, 28, 4, 
2016/2/8, 7, 8, 32, 3, 
2016/2/9, 7, 8, 31, 7, 
2016/2/10, 7, 14, 24, 15, 
2016/2/11, 31, 10, 29, 7, 
2016/2/12, 16, 11, 31, 2, 
2016/2/13, 13, 8, 30, 5, 
2016/2/14, 16, 13, 25, 7, 
2016/2/15, 27, 18, 18, 8, 
2016/2/16, 46, 23, 14, 11, 
2016/2/17, 61, 21, 25, 15, 1
2016/2/18, 51, 15, 24, 12, 
2016/2/19, 32, 13, 28, 9, 
2016/2/20, 25, 11, 24, 10, 1
2016/2/21, 23, 34, 17, 15, 
2016/2/22, 61, 22, 24, 7, 
2016/2/23, 36, 22, 22, 13, 
2016/2/24, 49, 11, 22, 10, 
2016/2/25, 21, 19, 24, 12, 
2016/2/26, 46, 16, 20, 16, 
2016/2/27, 57, 13, 14, 12, 
2016/2/28, 83, 38, 18, 11, 
2016/2/29, 94, 34, 26, 11, 1
2016/3/1, 86, 14, 26, 9, 1
2016/3/2, 28, 8, 24, 9, 
2016/3/3, 22, 4, 25, 8, 1
2016/3/4, 13, 3, 30, 5, 1
2016/3/5, 10, 9, 27, 8, 1
2016/3/6, 33, 10, 24, 11, 1
2016/3/7, 34, 10, 27, 9, 1
2016/3/8, 39, 8, 26, 13, 1
2016/3/9, 32, 10, 23, 12, 
2016/3/10, 37, 19, 26, 10, 1
2016/3/11, 62, 32, 27, 10, 
2016/3/12, 93, 26, 24, 9, 1
2016/3/13, 80, 26, 26, 14, 1
2016/3/14, 77, 27, 34, 12, 
2016/3/15, 77, 18, 26, 13, 
2016/3/16, 64, 18, 21, 17, 1
2016/3/17, 60, 22, 29, 14, 
2016/3/18, 69, 26, 38, 14, 
2016/3/19, 78, 47, 15, 18, 1
2016/3/20, 129, 48, 20, 15, 
2016/3/21, 132, 26, 23, 13, 
2016/3/22, 74, 20, 26, 10, 1
2016/3/23, 56, 20, 28, 8, 
2016/3/24, 62, 24, 26, 15, 1
2016/3/25, 69, 13, 33, 12, 1
2016/3/26, 40, 5, 36, 7, 1
2016/3/27, 16, 3, 31, 5, 
2016/3/28, 10, 5, 29, 7, 
2016/3/29, 10, 6, 35, 4, 
2016/3/30, 14, 19, 43, 3, 
2016/3/31, 25, 8, 19, 7, 1
2015/10/1, 56, 22, 12, 15, 
2015/10/2, 59, 12, 26, 13, 
2015/10/3, 32, 11, 20, 8, 
2015/10/4, 27, 15, 18, 15, 1
2015/10/5, 32, 14, 17, 13, 
2015/10/6, 27, 9, 19, 7, 
2015/10/7, 9, 13, 19, 8, 
2015/10/8, 22, 16, 22, 10, 
2015/10/9, 30, 21, 18, 9, 
2015/10/10, 54, 24, 21, 6, 
2015/10/11, 64, 28, 5, 14, 1
2015/10/12, 71, 33, 17, 10, 
2015/10/13, 80, 32, 19, 10, 
2015/10/14, 81, 16, 17, 12, 
2015/10/15, 46, 19, 12, 11, 
2015/10/16, 52, 14, 22, 10, 
2015/10/17, 42, 24, 20, 13, 1
2015/10/18, 66, 19, 25, 10, 
2015/10/19, 50, 25, 17, 9, 
2015/10/20, 68, 27, 14, 9, 1
2015/10/21, 72, 18, 18, 12, 
2015/10/22, 45, 9, 21, 9, 
2015/10/23, 16, 11, 25, 10, 
2015/10/24, 21, 17, 23, 10, 1
2015/10/25, 43, 16, 32, 9, 
2015/10/26, 34, 11, 34, 5, 
2015/10/27, 19, 8, 31, 12, 
2015/10/28, 17, 14, 21, 13, 
2015/10/29, 34, 19, 7, 14, 1
2015/10/30, 47, 16, 18, 17, 
2015/10/31, 36, 17, 17, 15, 
2015/11/1, 43, 21, 18, 22, 1
2015/11/2, 49, 12, 32, 7, 
2015/11/3, 24, 12, 33, 13, 
2015/11/4, 22, 16, 19, 15, 1
2015/11/5, 33, 16, 19, 14, 1
2015/11/6, 36, 18, 10, 15, 
2015/11/7, 42, 17, 18, 11, 1
2015/11/8, 38, 15, 23, 15, 
2015/11/9, 28, 16, 23, 11, 
2015/11/10, 35, 18, 14, 11, 
2015/11/11, 43, 28, 5, 16, 
2015/11/12, 67, 26, 10, 18, 1
2015/11/13, 61, 25, 20, 16, 
2015/11/14, 58, 24, 12, 17, 1
2015/11/15, 55, 34, 7, 15, 
2015/11/16, 60, 19, 15, 12, 1
2015/11/17, 40, 15, 14, 16, 
2015/11/18, 28, 17, 14, 16, 1
2015/11/19, 35, 18, 20, 4, 
2015/11/20, 21, 6, 25, 5, 
2015/11/21, 9, 7, 21, 4, 
2015/11/22, 14, 13, 20, 14, 1
2015/11/23, 28, 15, 20, 14, 
2015/11/24, 37, 9, 16, 14, 
2015/11/25, 16, 9, 14, 15, 
2015/11/26, 16, 16, 14, 15, 
2015/11/27, 42, 16, 14, 17, 
2015/11/28, 44, 12, 23, 13, 
2015/11/29, 27, 17, 17, 17, 1
2015/11/30, 32, 12, 26, 15, 
2015/12/1, 17, 19, 12, 18, 1
2015/12/2, 44, 30, 7, 24, 1
2015/12/3, 72, 30, 16, 22, 1
2015/12/4, 65, 19, 23, 9, 
2015/12/5, 47, 13, 26, 6, 
2015/12/6, 27, 15, 24, 15, 1
2015/12/7, 31, 13, 26, 10, 1
2015/12/8, 26, 16, 24, 11, 1
2015/12/9, 24, 22, 14, 18, 1
2015/12/10, 42, 21, 11, 22, 1
2015/12/11, 48, 22, 17, 18, 1
2015/12/12, 54, 25, 10, 18, 1
2015/12/13, 65, 24, 23, 14, 1
2015/12/14, 56, 21, 12, 22, 
2015/12/15, 49, 25, 5, 19, 1
2015/12/16, 55, 25, 6, 16, 
2015/12/17, 69, 28, 10, 18, 1
2015/12/18, 50, 32, 9, 14, 1
2015/12/19, 68, 14, 25, 7, 1
2015/12/20, 26, 12, 24, 13, 
2015/12/21, 32, 20, 22, 12, 
2015/12/22, 46, 20, 26, 16, 
2015/12/23, 41, 11, 27, 3, 
2015/12/24, 16, 13, 19, 13, 
2015/12/25, 22, 19, 11, 17, 
2015/12/26, 45, 14, 15, 12, 
2015/12/27, 30, 15, 23, 14, 
2015/12/28, 30, 13, 28, 12, 
2015/12/29, 28, 14, 19, 11, 
2015/12/30, 29, , , , 
2016/1/3, 15, 8, 28, 6, 
2015/7/1, 46, 28, 52, 5, 
2015/7/2, 44, 30, 46, 9, 
2015/7/3, 56, 33, 53, 7, 1
2015/7/4, 33, 21, 49, 2, 2
2015/7/5, 53, 28, 46, 4, 2
2015/7/6, 52, 42, 48, 8, 
2015/7/7, 68, 24, 36, 3, 
2015/7/8, 22, 24, 37, 2, 1
2015/7/9, 15, 22, 69, 6, 1
2015/7/10, 28, 22, 60, 2, 
2015/7/11, 43, 17, 45, 2, 
2015/7/12, 27, 17, 37, 3, 2
2015/7/13, 19, 18, 41, 2, 
2015/7/14, 26, 22, 59, 5, 
2015/7/15, 24, 25, 66, 6, 1
2015/7/16, 43, 23, 45, 6, 
2015/7/17, 39, 23, 48, 6, 
2015/7/18, 47, 17, 45, 3, 
2015/7/19, 36, 15, 38, 5, 
2015/7/20, 25, 15, 59, 4, 
2015/7/21, 14, 18, 35, 6, 
2015/7/22, 29, 15, 48, 4, 
2015/7/23, 20, 19, 53, 7, 
2015/7/24, 32, 12, 40, 1, 
2015/7/25, 15, 10, 45, 4, 1
2015/7/26, 12, 13, 34, 3, 
2015/7/27, 13, 14, 36, 3, 
2015/7/28, 12, 13, 28, 6, 
2015/7/29, 15, 13, 41, 3, 4
2015/7/30, 14, 16, 46, 6, 
2015/7/31, 23, 15, 39, 6, 
2015/8/1, 35, 16, 58, 3, 
2015/8/2, 29, 15, 73, 7, 
2015/8/3, 30, 18, 51, 4, 
2015/8/4, 32, 17, 50, 4, 1
2015/8/5, 25, 29, 58, 5, 
2015/8/6, 48, 23, 50, 6, 
2015/8/7, 43, 20, 34, 5, 
2015/8/8, 37, 10, 38, 1, 
2015/8/9, 11, 16, 32, 4, 
2015/8/10, 33, 22, 61, 4, 
2015/8/11, 50, 26, 68, 7, 
2015/8/12, 57, 21, 40, 7, 
2015/8/13, 47, 12, 31, 2, 
2015/8/14, 14, 6, 28, 1, 2
2015/8/15, 12, 11, 37, 1, 
2015/8/16, 19, 12, 35, 4, 
2015/8/17, 25, 14, 39, 4, 
2015/8/18, 28, 14, 38, 4, 
2015/8/19, 29, 15, 44, 4, 
2015/8/20, 25, 15, 43, 4, 3
2015/8/21, 26, 14, 54, 4, 1
2015/8/22, 25, 11, 46, 2, 1
2015/8/23, 20, 10, 26, 4, 1
2015/8/24, 15, 10, 32, 3, 4
2015/8/25, 9, 12, 37, 6, 
2015/8/26, 17, 10, 37, 2, 
2015/8/27, 10, 18, 41, 7, 1
2015/8/28, 27, 17, 42, 5, 1
2015/8/29, 29, 15, 48, 3, 
2015/8/30, 22, 27, 45, 3, 1
2015/8/31, 38, 12, 38, 4, 
2015/9/1, 15, 12, 40, 6, 4
2015/9/2, 20, 13, 31, 8, 
2015/9/3, 26, 12, 39, 6, 1
2015/9/4, 19, 10, 33, 3, 1
2015/9/5, 14, 11, 31, 4, 
2015/9/6, 18, 13, 34, 6, 
2015/9/7, 13, 18, 38, 8, 
2015/9/8, 25, 21, 52, 10, 
2015/9/9, 37, 25, 51, 11, 3
2015/9/10, 44, 22, 44, 9, 
2015/9/11, 40, 17, 44, 3, 2
2015/9/12, 14, 11, 37, 3, 
2015/9/13, 19, 9, 28, 5, 4
2015/9/14, 9, 11, 34, 7, 
2015/9/15, 16, 14, 36, 1, 17
2015/9/16, 14, 9, 33, 8, 12
2015/9/17, 6, 8, 26, 7, 
2015/9/18, 10, 9, 30, 4, 
2015/9/19, 15, 11, 30, 2, 
2015/9/20, 19, 18, 28, 10, 1
2015/9/21, 42, 13, 27, 8, 4
2015/9/22, 26, 8, 23, 5, 
2015/9/23, 12, 14, 28, 8, 
2015/9/24, 28, 13, 22, 8, 
2015/9/25, 30, 16, 22, 7, 
2015/9/26, 35, 19, 27, 8, 
2015/9/27, 47, 21, 26, 10, 
2015/9/28, 49, 20, 22, 11, 
2015/9/29, 41, 21, 26, 11, 
2015/9/30, 49, 24, 19, 13, 1
2015/4/2, 19, 8, 20, 6, 
2015/4/3, 7, 8, 21, 6, 
2015/4/4, 8, 9, 35, 2, 
2015/4/5, 20, 9, 35, 2, 
2015/4/6, 15, 10, 37, 4, 
2015/4/7, 38, 15, 36, 10, 1
2015/4/8, 34, 19, 36, 13, 
2015/4/9, 38, 24, 42, 12, 1
2015/4/10, 11, 12, 46, 4, 
2015/4/11, 17, 15, 45, 6, 
2015/4/12, 25, 17, 42, 6, 1
2015/4/13, 19, 22, 43, 8, 1
2015/4/14, 17, 22, 39, 7, 1
2015/4/15, 8, 19, 42, 8, 1
2015/4/16, 19, 21, 46, 3, 1
2015/4/17, 18, 16, 40, 7, 
2015/4/18, 9, 16, 31, 6, 1
2015/4/19, 13, 17, 23, 7, 
2015/4/20, 22, 13, 39, 8, 
2015/4/21, 40, 21, 44, 10, 1
2015/4/22, 41, 22, 45, 8, 1
2015/4/23, 22, 19, 48, 7, 
2015/4/24, 30, 20, 55, 6, 1
2015/4/25, 17, 13, 49, 3, 
2015/4/26, 20, 15, 42, 2, 
2015/4/27, 7, 7, 38, 6, 
2015/4/28, 33, 16, 30, 4, 
2015/4/29, 16, 15, 33, 7, 
2015/4/30, 19, 15, 37, 7, 
2015/5/1, 7, 8, 35, 2, 
2015/5/2, 9, 7, 31, 3, 
2015/5/3, 9, 10, 23, 7, 
2015/5/4, 19, 14, 38, 6, 
2015/5/5, 13, 21, 45, 5, 
2015/5/6, 6, 13, 35, 6, 
2015/5/7, 11, 16, 35, 7, 1
2015/5/8, 9, 13, 33, 6, 
2015/5/9, 9, 9, 35, 3, 1
2015/5/11, 16, 21, 44, 10, 
2015/5/12, 28, 28, 45, 7, 
2015/5/13, 31, 33, 42, 7, 
2015/5/14, 16, 19, 45, 2, 1
2015/5/16, 41, 20, 37, 3, 
2015/5/18, 20, 14, 49, 6, 1
2015/5/19, 15, 14, 30, 5, 
2015/5/20, 6, 10, 31, 3, 
2015/5/21, 10, 12, 36, 3, 
2015/5/22, 19, 22, 45, 5, 1
2015/5/23, 26, 21, 46, 3, 1
2015/5/24, 39, 21, 41, 3, 
2015/5/25, 21, 17, 39, 2, 
2015/5/26, 16, 11, 29, 4, 
2015/5/27, 9, 14, 40, 3, 
2015/5/28, 17, 17, 44, 6, 1
2015/5/29, 22, 22, 44, 7, 
2015/5/30, 7, 11, 38, 3, 
2015/5/31, 6, 12, 33, 3, 1
2015/6/1, 10, 18, 27, 6, 1
2015/6/2, 12, 14, 33, 4, 1
2015/6/3, 11, 20, 47, 6, 
2015/6/4, 17, 26, 74, 6, 1
2015/6/5, 23, 26, 47, 7, 
2015/6/6, 26, 38, 56, 3, 
2015/6/7, 12, 18, 45, 2, 
2015/6/8, 22, 21, 51, 5, 
2015/6/9, 34, 25, 44, 5, 
2015/6/10, 22, 22, 49, 5, 1
2015/6/11, 22, 24, 46, 7, 1
2015/6/12, 14, 19, 42, 7, 
2015/6/13, 9, 14, 45, 3, 1
2015/6/14, 7, 17, 33, 4, 
2015/6/15, 10, 15, 34, 3, 
2015/6/16, 36, 21, 33, 5, 
2015/6/17, 31, 25, 43, 3, 
2015/6/18, 19, 21, 32, 6, 
2015/6/19, 9, 17, 37, 2, 
2015/6/20, 21, 24, 38, 3, 
2015/6/21, 16, 25, 32, 3, 
2015/6/22, 14, 21, 36, 5, 
2015/6/23, 9, 16, 31, 4, 
2015/6/24, 15, 16, 43, 4, 1
2015/6/25, 29, 19, 63, 7, 1
2015/6/26, 34, 20, 55, 7, 
2015/6/27, 40, 25, 51, 4, 1
2015/6/28, 27, 15, 45, 2, 
2015/6/29, 29, 19, 51, 6, 
2015/6/30, 43, 23, 65, 6, 1
2015/2/9, 60, 25, 15, 15, 1
2015/2/10, 51, 37, 9, 27, 1
2015/2/11, 85, 24, 13, 27, 1
2015/2/12, 46, 18, 27, 9, 1
2015/2/13, 34, 7, 27, 3, 
2015/2/14, 5, 5, 25, 5, 
2015/2/15, 5, 12, 19, 9, 
2015/2/16, 17, 18, 18, 10, 
2015/2/17, 27, 22, 19, 13, 1
2015/2/18, 37, 27, 16, 22, 1
2015/2/19, 51, 16, 30, 12, 1
2015/2/20, 26, 9, 31, 9, 
2015/2/21, 12, 10, 22, 6, 
2015/2/22, 14, 9, 24, 11, 1
2015/2/23, 11, 7, 26, 7, 
2015/2/24, 9, 13, 21, 11, 
2015/2/25, 16, 15, 17, 17, 
2015/2/26, 38, 12, 19, 12, 1
2015/2/27, 27, 16, 23, 12, 
2015/2/28, 28, 5, 21, 6, 1
2015/3/1, 27, 5, 25, 6, 
2015/3/2, 5, 13, 11, 12, 
2015/3/3, 27, 9, 14, 15, 
2015/3/4, 46, 12, 20, 10, 
2015/3/5, 22, 21, 20, 13, 1
2015/3/6, 40, , 23, 17, 1
2015/3/9, 63, 32, 26, 14, 1
2015/3/10, 78, 39, 18, 12, 
2015/3/11, 87, 28, 24, 12, 
2015/3/12, 59, 27, 21, 15, 
2015/3/13, 58, 11, 22, 8, 
2015/3/14, 36, 38, 20, 9, 
2015/3/15, 82, 31, 25, 14, 
2015/3/16, 83, 21, 20, 15, 1
2015/3/17, 30, 19, 34, 12, 1
2015/3/18, 33, 48, 27, 12, 1
2015/3/19, 102, 76, 9, 16, 1
2015/3/20, 166, 44, 18, 13, 
2015/3/21, 95, 27, 16, 8, 
2015/3/22, 46, 22, 21, 13, 1
2015/3/23, 35, 27, 31, 13, 1
2015/3/24, 63, 10, 25, 8, 
2015/3/25, 22, 19, 31, 7, 
2015/3/26, 48, 11, 33, 6, 
2015/3/27, 18, 15, 25, 10, 
2015/3/28, 42, 6, 28, 5, 
2015/3/29, 35, 5, 30, 6, 
2014/10/1, 49, 29, 28, 11, 1
2014/10/2, 56, 28, 30, 12, 
2014/10/3, 56, 26, 28, 9, 
2014/10/4, 51, 19, 23, 7, 1
2014/10/5, 34, 15, 23, 5, 
2014/10/6, 23, 7, 26, 5, 
2014/10/7, 21, 15, 33, 3, 
2014/10/8, 32, 21, 33, 3, 1
2014/10/9, 33, 5, 26, 12, 
2014/10/10, 14, 6, 23, 6, 
2014/10/11, 14, 10, 21, 4, 1
2014/10/12, 27, 9, 23, 10, 
2014/10/13, 21, 13, 17, 13, 
2014/10/14, 33, 12, 19, 8, 
2014/10/15, 30, 11, 22, 11, 
2014/10/16, 27, 10, 26, 11, 1
2014/10/17, 22, 13, 22, 11, 4
2014/10/18, 37, 19, 22, 9, 
2014/10/19, 41, 30, 11, 12, 1
2014/10/20, 51, 23, 25, 8, 1
2014/10/21, 47, 19, 20, 6, 1
2014/10/22, 22, 26, 14, 9, 
2014/10/23, 31, 15, 17, 11, 
2014/10/24, 30, 20, 19, 10, 
2014/10/25, 48, 20, 13, 8, 
2014/10/26, 53, 17, 12, 9, 
2014/10/27, 46, 21, 20, 13, 
2014/10/28, 60, 20, 16, 13, 
2014/10/29, 53, 28, 10, 17, 1
2014/10/30, 66, 24, 13, 16, 
2014/10/31, 55, 18, 13, 15, 
2014/11/1, 51, 18, 24, 8, 
2014/11/2, 50, 8, 28, 3, 
2014/11/3, 19, 6, 25, 7, 
2014/11/4, 12, 13, 15, 17, 
2014/11/5, 36, 18, 11, 14, 
2014/11/6, 52, 19, 6, 18, 
2014/11/7, 52, 16, 14, 14, 2
2014/11/8, 47, 12, 6, 16, 
2014/11/9, 46, 15, 7, 18, 
2014/11/10, 47, 9, 24, 6, 1
2014/11/11, 25, 12, 22, 16, 
2014/11/12, 29, 21, 8, 15, 
2014/11/13, 49, 11, 21, 9, 
2014/11/14, 28, 9, 19, 14, 
2014/11/15, 24, 5, 20, 3, 
2014/11/16, 12, 7, 20, 11, 
2014/11/17, 27, 9, 14, 14, 
2014/11/18, 39, 11, 6, 15, 
2014/11/19, 54, 21, 3, 20, 
2014/11/20, 71, 17, 7, 19, 
2014/11/21, 50, 17, 21, 10, 
2014/11/22, 33, 26, 25, 3, 
2014/11/23, 50, 35, 24, 21, 
2014/11/24, 91, 40, 2, 21, 
2014/11/25, 133, 25, 4, 21, 
2014/11/26, 89, 8, 25, 10, 
2014/11/27, 49, 11, 22, 10, 
2014/11/28, 48, 25, , 19, 
2014/11/29, 86, 25, , 14, 
2014/11/30, 88, 8, 2, 9, 
2014/12/1, 50, 7, , 10, 
2014/12/2, 44, 6, , 12, 
2014/12/3, 44, 14, , 11, 
2014/12/4, 67, 10, 2, 11, 
2014/12/5, 54, 17, 1, 10, 
2014/12/6, 73, 15, 13, 7, 
2014/12/7, 69, 14, 16, 15, 
2014/12/8, 64, 12, 14, 13, 
2014/12/9, 58, 11, 11, 13, 
2014/12/10, 55, 9, 11, 18, 
2014/12/11, 41, 8, 20, 15, 
2014/12/12, 31, 8, 23, 2, 
2014/12/13, 21, 12, 22, 8, 
2014/12/14, 29, 20, 16, 13, 
2014/12/15, 50, 12, 10, 14, 
2014/12/16, 41, 8, 15, 14, 
2014/12/17, 28, 13, 5, 20, 
2014/12/18, 45, 10, 13, 14, 
2014/12/19, 28, 5, 24, 7, 
2014/12/20, 17, 8, 21, 7, 
2014/12/21, 21, 18, 4, 23, 
2014/12/22, 54, 21, 4, 25, 1
2014/12/23, 62, 25, 3, 22, 1
2014/12/24, 75, 18, 16, 11, 
2014/12/25, 56, 11, 16, 9, 1
2014/12/26, 28, 6, 21, 6, 
2014/12/27, 21, 8, 17, 4, 
2014/12/28, 30, , , , 
2014/7/1, 28, 19, 35, 8, 
2014/7/2, 33, 21, 44, 7, 
2014/7/3, 34, 26, 37, 10, 1
2014/7/4, 44, 16, 26, 2, 1
2014/7/5, 23, 19, 42, 3, 
2014/7/6, 34, 11, 22, 5, 
2014/7/7, 14, 15, 20, 4, 
2014/7/8, 19, 12, 24, 3, 
2014/7/9, 15, 10, 21, 7, 
2014/7/10, 14, 13, 25, 5, 
2014/7/11, 15, 19, 31, 4, 
2014/7/12, 39, 16, 23, 4, 
2014/7/13, 31, 14, 24, 2, 
2014/7/14, 12, 18, 34, 3, 
2014/7/15, 22, 24, 49, 5, 
2014/7/16, 40, 26, 53, 6, 1
2014/7/17, 42, 28, 48, 9, 1
2014/7/18, 47, 25, 45, 1, 
2014/7/19, 27, 18, 43, 4, 
2014/7/20, 28, 15, 23, 6, 1
2014/7/21, 20, 19, 32, 4, 1
2014/7/22, 39, 22, 39, 3, 1
2014/7/23, 42, 29, 48, 5, 1
2014/7/24, 57, 25, 45, 6, 1
2014/7/25, 49, 21, 39, 4, 1
2014/7/26, 36, 23, 43, 4, 
2014/7/27, 47, 18, 30, 6, 1
2014/7/28, 34, 15, 21, 6, 
2014/7/29, 22, 16, 30, 4, 
2014/7/30, 42, 24, 36, 6, 1
2014/7/31, 42, 26, 42, 5, 
2014/8/1, 45, 15, 34, 4, 
2014/8/2, 27, 17, 29, 3, 
2014/8/3, 31, 17, 27, 2, 
2014/8/4, 31, 16, 34, 3, 
2014/8/5, 29, 18, 39, 4, 1
2014/8/6, 36, 20, 23, 4, 
2014/8/7, 36, 17, 26, 5, 
2014/8/8, 30, 16, 37, 1, 
2014/8/9, 26, 18, 32, 2, 
2014/8/10, 33, 18, 25, 3, 
2014/8/11, 30, 20, 30, 4, 1
2014/8/12, 34, 14, 28, 3, 
2014/8/13, 21, 13, 29, 4, 
2014/8/14, 17, 12, 28, 1, 
2014/8/15, 11, 14, 32, 2, 1
2014/8/16, 22, 15, 19, 4, 
2014/8/17, 24, 19, 30, 4, 1
2014/8/18, 29, 19, 27, 2, 1
2014/8/19, 30, 18, 30, 4, 1
2014/8/20, 22, 18, 33, 3, 
2014/8/21, 25, 18, 32, 3, 
2014/8/22, 26, 15, 29, 2, 
2014/8/23, 17, 15, 33, 1, 
2014/8/24, 15, 19, 27, 6, 
2014/8/25, 25, 18, 36, 3, 
2014/8/26, 21, 16, 29, 3, 
2014/8/27, 16, 21, 30, 5, 
2014/8/28, 24, 22, 25, 6, 1
2014/8/29, 31, 18, 30, 2, 
2014/8/30, 20, 22, 23, 2, 
2014/8/31, 27, 20, 29, 3, 
2014/9/1, 20, 25, 32, 5, 
2014/9/2, 28, 25, 32, 7, 
2014/9/3, 40, 30, 43, 8, 1
2014/9/4, 44, 28, 47, 8, 1
2014/9/5, 41, 29, 39, 5, 1
2014/9/6, 50, 29, 46, 4, 1
2014/9/7, 52, 31, 31, 9, 
2014/9/8, 50, 20, 30, 6, 
2014/9/9, 33, 31, 37, 7, 1
2014/9/10, 62, 32, 36, 6, 
2014/9/11, 64, 40, 28, 6, 
2014/9/12, 49, 25, 28, 6, 
2014/9/13, 41, 22, 32, 4, 
2014/9/14, 42, 29, 29, 10, 1
2014/9/15, 47, 25, 29, 7, 
2014/9/16, 31, 28, 37, 2, 
2014/9/17, 32, 25, 31, 4, 
2014/9/18, 25, 21, 29, 7, 
2014/9/19, 28, 20, 32, 6, 
2014/9/20, 34, 17, 31, 3, 
2014/9/21, 31, 26, 28, 4, 6
2014/9/22, 46, 29, 23, 8, 1
2014/9/23, 62, 29, 11, 14, 1
2014/9/24, 63, 29, 23, 10, 1
2014/9/25, 61, 24, 25, 10, 
2014/9/26, 52, 26, 28, 10, 
2014/9/27, 52, 24, 36, 9, 
2014/9/28, 46, 20, 29, 13, 1
2014/9/29, 42, 24, 24, 12, 1
2014/9/30, 42, 28, 26, 9, 
2014/4/1, 45, 30, 38, 3, 
2014/4/2, 28, 41, 36, 16, 1
2014/4/3, 43, 31, 25, 15, 1
2014/4/4, 51, 17, 22, 6, 
2014/4/5, 31, 20, 33, 7, 1
2014/4/6, 33, 20, 31, 10, 1
2014/4/7, 28, 16, 33, 5, 1
2014/4/8, 17, 18, 32, 8, 
2014/4/9, 16, 21, 33, 10, 1
2014/4/10, 29, 24, 34, 14, 1
2014/4/11, 34, 26, 40, 7, 1
2014/4/12, 46, 30, 40, 8, 1
2014/4/13, 59, 26, 34, 8, 1
2014/4/14, 42, 24, 31, 5, 
2014/4/15, 22, 26, 32, 9, 1
2014/4/16, 32, 30, 38, 10, 1
2014/4/17, 44, 32, 32, 12, 1
2014/4/18, 52, 19, 31, 6, 
2014/4/19, 26, 18, 31, 8, 1
2014/4/20, 33, 16, 27, 8, 
2014/4/21, 23, 16, 29, 12, 1
2014/4/22, 34, 14, 35, 8, 
2014/4/23, 23, 16, 34, 9, 1
2014/4/24, 22, 10, 31, 10, 
2014/4/25, 16, 12, 30, 6, 1
2014/4/26, 18, 8, 27, 4, 
2014/4/27, 6, 7, 31, 5, 
2014/4/28, 7, 11, 33, 7, 
2014/4/29, 15, 8, 25, 8, 
2014/4/30, 10, 12, 32, 4, 
2014/5/1, 23, 7, 22, 5, 
2014/5/2, 14, 21, 25, 4, 
2014/5/3, 50, 12, 33, 4, 
2014/5/4, 21, 16, 44, 8, 1
2014/5/5, 27, 13, 43, 4, 
2014/5/6, 17, 12, 35, 7, 
2014/5/7, 16, 13, 32, 5, 1
2014/5/8, 18, 15, 27, 5, 
2014/5/9, 15, 11, 30, 3, 
2014/5/10, 6, 10, 31, 1, 
2014/5/11, 6, 11, 29, 6, 1
2014/5/12, 13, 8, 26, 6, 
2014/5/13, 15, 8, 28, 6, 
2014/5/14, 16, 19, 30, 6, 
2014/5/15, 39, 23, 34, 6, 
2014/5/16, 36, 14, 40, 6, 
2014/5/17, 31, 18, 44, 5, 1
2014/5/18, 39, 20, 46, 2, 
2014/5/19, 23, 26, 42, 2, 
2014/5/20, 28, 41, 40, 2, 
2014/5/21, 39, 28, 36, 3, 
2014/5/22, 45, 13, 36, 4, 1
2014/5/23, 21, 9, 36, 2, 
2014/5/24, 14, 16, 36, 5, 1
2014/5/25, 29, 15, 32, 8, 1
2014/5/26, 30, 11, 24, 8, 1
2014/5/27, 18, 16, 35, 5, 
2014/5/28, 26, 12, 38, 3, 
2014/5/29, 18, 13, 34, 3, 
2014/5/30, 17, 15, 37, 2, 
2014/5/31, 24, 18, 41, 2, 1
2014/6/1, 33, 19, 37, 5, 1
2014/6/2, 38, 21, 36, 5, 
2014/6/3, 36, 16, 28, 6, 1
2014/6/4, 31, 19, 34, 6, 1
2014/6/5, 27, 22, 46, 6, 1
2014/6/6, 36, 27, 47, 4, 1
2014/6/7, 41, 38, 42, 2, 1
2014/6/8, 51, 43, 39, 3, 2
2014/6/9, 58, 39, 45, 7, 1
2014/6/10, 53, 19, 49, 6, 
2014/6/11, 34, 26, 62, 6, 1
2014/6/12, 50, 28, 52, 5, 1
2014/6/13, 52, 24, 45, 3, 1
2014/6/14, 39, 25, 36, 1, 
2014/6/15, 22, 19, 40, 4, 
2014/6/16, 24, 31, 37, 4, 1
2014/6/17, 40, 22, 34, 6, 
2014/6/18, 46, 20, 48, 6, 
2014/6/19, 49, 22, 40, 6, 1
2014/6/20, 43, 20, 50, 5, 1
2014/6/21, 39, 22, 57, 6, 1
2014/6/22, 47, 26, 41, 6, 1
2014/6/23, 46, 21, 34, 5, 
2014/6/24, 42, 23, 44, 6, 
2014/6/25, 42, 24, 37, 7, 1
2014/6/26, 41, 23, 43, 6, 1
2014/6/27, 41, 23, 41, 4, 
2014/6/28, 46, 10, 31, 1, 
2014/6/29, 12, 12, 34, 3, 
2014/6/30, 15, 19, 40, 5, 1
2014/1/1, 32, 8, 20, 9, 
2014/1/2, 27, 6, 19, 7, 
2014/1/3, 16, 6, 22, 6, 
2014/1/4, 17, 9, 18, 9, 
2014/1/5, 21, 12, 19, 11, 1
2014/1/6, 28, 6, 19, 5, 
2014/1/7, 14, 11, 22, 12, 
2014/1/8, 29, 15, 20, 17, 
2014/1/9, 36, 29, 5, 17, 
2014/1/10, 74, 25, 15, 16, 
2014/1/11, 70, 33, 7, 12, 
2014/1/12, 88, 16, 12, 16, 
2014/1/13, 45, 11, 13, 13, 
2014/1/14, 29, 20, 7, 20, 
2014/1/15, 56, 7, 21, 5, 1
2014/1/16, 14, 16, 21, 13, 1
2014/1/17, 38, 7, 22, 2, 
2014/1/18, 9, 9, 20, 8, 
2014/1/19, 26, 10, 16, 10, 
2014/1/20, 22, 16, 15, 7, 
2014/1/21, 40, 26, 10, 16, 
2014/1/22, 70, 17, 19, 15, 
2014/1/23, 47, , 22, 16, 
2014/1/27, 24, 10, 24, 10, 
2014/1/28, 20, 8, 24, 4, 
2014/1/29, 9, 13, 21, 14, 
2014/1/30, 32, 18, 20, 13, 
2014/1/31, 49, 7, 26, 5, 
2014/2/1, 14, 13, 22, 7, 
2014/2/2, 23, 15, 20, 12, 
2014/2/3, 31, 10, 24, 8, 
2014/2/4, 17, 9, 26, 6, 
2014/2/5, 15, 12, 26, 10, 1
2014/2/6, 19, 10, 26, 7, 
2014/2/7, 13, 8, 26, 2, 
2014/2/8, 9, 8, 26, 2, 
2014/2/9, 10, 8, 27, 7, 
2014/2/10, 12, 10, 25, 11, 
2014/2/11, 24, 9, 28, 9, 
2014/2/12, 20, 7, 26, 4, 
2014/2/13, 15, 10, 25, 10, 
2014/2/14, 21, 8, 22, 4, 
2014/2/15, 16, 10, 19, 9, 
2014/2/16, 29, 24, 19, 16, 2
2014/2/17, 61, 31, 8, 25, 1
2014/2/18, 75, 21, 23, 13, 2
2014/2/19, 51, 14, 20, 13, 1
2014/2/20, 34, 11, 23, 12, 
2014/2/21, 26, 14, 26, 9, 2
2014/2/22, 36, 13, 31, 9, 1
2014/2/23, 33, 11, 32, 5, 
2014/2/24, 21, 9, 30, 4, 
2014/2/25, 16, 10, 26, 13, 
2014/2/26, 20, 16, 23, 12, 
2014/2/27, 40, 9, 25, 5, 
2014/2/28, 9, 11, 21, 7, 
2014/3/1, 25, 18, 24, 7, 
2014/3/2, 50, 9, 28, 6, 
2014/3/3, 14, 9, 24, 15, 
2014/3/4, 36, 24, 15, 16, 
2014/3/5, 60, 29, 23, 12, 
2014/3/6, 74, 42, 26, 14, 
2014/3/7, 103, 47, 29, 15, 1
2014/3/8, 119, 29, 37, 18, 
2014/3/9, 73, 29, 34, 13, 
2014/3/10, 70, 49, 24, 15, 1
2014/3/11, 121, 59, 30, 19, 
2014/3/12, 145, 60, 35, 19, 1
2014/3/13, 149, 56, 40, 17, 1
2014/3/14, 136, 58, 35, 11, 2
2014/3/15, 142, 39, 30, 9, 
2014/3/16, 83, 26, 32, 15, 2
2014/3/17, 51, 29, 39, 13, 2
2014/3/18, 55, 24, 29, 7, 
2014/3/19, 37, 28, 40, 9, 4
2014/3/20, 52, 26, 37, 5, 
2014/3/21, 54, 14, 32, 5, 
2014/3/22, 23, 11, 26, 5, 
2014/3/23, 14, 10, 24, 8, 
2014/3/24, 13, 16, 22, 11, 
2014/3/25, 33, 22, 18, 15, 
2014/3/26, 51, 30, 28, 15, 2
2014/3/27, 72, 30, 32, 16, 3
2014/3/28, 65, 20, 36, 13, 
2014/3/29, 41, 28, 30, 15, 1
2014/3/30, 57, 28, 37, 18, 
2014/3/31, 53, 32, 30, 8, 
2023/12/25, , 26, 1, 27, 
2023/7/8, , 23, 37, 3, 
2023/9/23, , 5, 28, 4, 
2022/2/27, , 16, 25, 13, 
2022/3/14, , 17, 31, 3, 
2021/11/7, , 14, 15, 8, 
2020/3/31, , 16, 36, 6, 
2019/12/31, , 19, 11, 16, 
2019/7/14, , 25, 37, 4, 
2018/12/31, , 5, 15, 8, 
2017/12/31, , 3, 28, 2, 
2018/2/21, , 37, 18, 12, 
2017/12/9, , 3, 27, 3, 
2017/12/10, , 3, 23, 5, 
2017/9/9, , 1, 18, 4, 
2016/7/26, , 24, 36, 5, 3
2016/1/2, , 10, 25, 5, 
2015/4/1, , 14, 27, 9, 1
2015/5/10, , 11, 43, 3, 
2015/5/15, , 8, 33, 3, 
2015/5/17, , 10, 35, 1, 
2015/2/8, , 27, 4, 30, 
2015/3/8, , 23, 22, 19, 1
2015/3/30, , 7, 31, 4, 
2015/3/31, , 11, 31, 4, 
2013/12/31, , 6, 19, 3, 
2014/1/26, , 13, 23, 13, 
2022/10/1, , , 21, 4, 
2022/10/2, , , 21, 4, 
2022/11/20, , , 23, 4, 
2022/6/2, , , 38, 7, 
2022/3/12, , , 34, 2, 
2022/3/13, , , 17, 12, 
2015/3/7, , , 28, 13, 1
2014/1/24, , , 16, 13, 
2014/1/25, , , 21, 9, 
2022/11/4, , , , 3, 